-- phpMyAdmin SQL Dump
-- version 5.2.0
-- https://www.phpmyadmin.net/
--
-- Host: 127.0.0.1
-- Generation Time: May 18, 2023 at 06:18 PM
-- Server version: 10.4.25-MariaDB
-- PHP Version: 8.1.10

SET SQL_MODE = "NO_AUTO_VALUE_ON_ZERO";
START TRANSACTION;
SET time_zone = "+00:00";


/*!40101 SET @OLD_CHARACTER_SET_CLIENT=@@CHARACTER_SET_CLIENT */;
/*!40101 SET @OLD_CHARACTER_SET_RESULTS=@@CHARACTER_SET_RESULTS */;
/*!40101 SET @OLD_COLLATION_CONNECTION=@@COLLATION_CONNECTION */;
/*!40101 SET NAMES utf8mb4 */;

--
-- Database: `pupets`
--

-- --------------------------------------------------------

--
-- Table structure for table `categorynametb`
--

CREATE TABLE `categorynametb` (
  `category_name_id` int(11) NOT NULL,
  `event_name_id` int(11) NOT NULL,
  `event_type_id` int(11) NOT NULL,
  `category_name` varchar(25) NOT NULL
) ENGINE=InnoDB DEFAULT CHARSET=utf8mb4;

--
-- Dumping data for table `categorynametb`
--

INSERT INTO `categorynametb` (`category_name_id`, `event_name_id`, `event_type_id`, `category_name`) VALUES
(65, 53, 1, 'Basketball'),
(66, 50, 2, 'Poster Making'),
(67, 54, 3, 'Basta Laro'),
(69, 50, 2, 'asdsadsad'),
(70, 50, 2, 'Basketball');

-- --------------------------------------------------------

--
-- Table structure for table `competitions_table`
--

CREATE TABLE `competitions_table` (
  `competition_id` int(11) NOT NULL,
  `competition_name` varchar(255) NOT NULL,
  `event_id` int(11) NOT NULL,
  `schedule` datetime DEFAULT NULL
) ENGINE=InnoDB DEFAULT CHARSET=utf8mb4;

--
-- Dumping data for table `competitions_table`
--

INSERT INTO `competitions_table` (`competition_id`, `competition_name`, `event_id`, `schedule`) VALUES
(1, 'Essay Writing', 1, '2023-05-11 11:09:00'),
(2, 'Spoken Poetry', 1, '2023-12-22 04:17:00'),
(3, 'Zumba', 2, NULL),
(4, 'Cheerleading', 2, '2024-06-11 02:57:00'),
(5, 'Eating Contest', 2, '2025-04-10 02:53:00');

-- --------------------------------------------------------

--
-- Table structure for table `criteriatb`
--

CREATE TABLE `criteriatb` (
  `criteria_id` int(11) NOT NULL,
  `category_name_id` int(11) NOT NULL
) ENGINE=InnoDB DEFAULT CHARSET=utf8mb4;

-- --------------------------------------------------------

--
-- Table structure for table `criteria_table`
--

CREATE TABLE `criteria_table` (
  `criteria_id` int(11) NOT NULL,
  `criteria_name` varchar(255) NOT NULL,
  `max_score` decimal(5,2) NOT NULL,
  `competition_id` int(11) NOT NULL
) ENGINE=InnoDB DEFAULT CHARSET=utf8mb4;

--
-- Dumping data for table `criteria_table`
--

INSERT INTO `criteria_table` (`criteria_id`, `criteria_name`, `max_score`, `competition_id`) VALUES
(1, 'Relevance', '25.00', 1),
(2, 'Comprehensiveness', '25.00', 1),
(3, 'Originality', '25.00', 1),
(4, 'Insight', '25.00', 1),
(5, 'Presence', '10.00', 2),
(6, 'Articulation', '15.00', 2),
(7, 'Dramatic Appropriation', '15.00', 2),
(8, 'Overall Performance', '10.00', 2),
(17, 'Dance Moves', '25.00', 3);

-- --------------------------------------------------------

--
-- Table structure for table `criteriontb`
--

CREATE TABLE `criteriontb` (
  `criterion_id` int(11) NOT NULL,
  `criteria_id` int(11) NOT NULL,
  `criterion_name` varchar(50) NOT NULL,
  `criterion_percent` int(3) NOT NULL
) ENGINE=InnoDB DEFAULT CHARSET=utf8mb4;

-- --------------------------------------------------------

--
-- Table structure for table `eventhistorytb`
--

CREATE TABLE `eventhistorytb` (
  `event_history_id` int(11) NOT NULL,
  `event_name` varchar(25) NOT NULL,
  `event_type` varchar(11) NOT NULL,
  `category_name` varchar(25) NOT NULL,
  `event_description` text NOT NULL,
  `event_code` varchar(12) NOT NULL,
  `event_date` date NOT NULL,
  `event_time` time NOT NULL
) ENGINE=InnoDB DEFAULT CHARSET=utf8mb4;

--
-- Dumping data for table `eventhistorytb`
--

INSERT INTO `eventhistorytb` (`event_history_id`, `event_name`, `event_type`, `category_name`, `event_description`, `event_code`, `event_date`, `event_time`) VALUES
(21, 'Foundation Day', 'Competition', 'Basketball', 'lklklklklk', 'CEtKxpNE76gm', '2023-05-28', '03:05:00');

-- --------------------------------------------------------

--
-- Table structure for table `eventnametb`
--

CREATE TABLE `eventnametb` (
  `event_name_id` int(11) NOT NULL,
  `event_name` varchar(25) NOT NULL
) ENGINE=InnoDB DEFAULT CHARSET=utf8mb4;

--
-- Dumping data for table `eventnametb`
--

INSERT INTO `eventnametb` (`event_name_id`, `event_name`) VALUES
(50, 'Foundation Day'),
(53, 'Buwan ng Wika'),
(54, 'Example'),
(55, 'asdaa'),
(57, 'ExampleB'),
(58, 'ExampleC');

-- --------------------------------------------------------

--
-- Table structure for table `events`
--

CREATE TABLE `events` (
  `event_id` int(11) NOT NULL,
  `event_name` varchar(255) NOT NULL,
  `event_date` datetime NOT NULL,
  `activity_1` varchar(255) NOT NULL,
  `activity_2` varchar(255) DEFAULT NULL,
  `activity_3` varchar(255) DEFAULT NULL,
  `activity_4` varchar(255) DEFAULT NULL,
  `activity_5` varchar(255) DEFAULT NULL,
  `image` longblob NOT NULL
) ENGINE=InnoDB DEFAULT CHARSET=utf8mb4;

--
-- Dumping data for table `events`
--

INSERT INTO `events` (`event_id`, `event_name`, `event_date`, `activity_1`, `activity_2`, `activity_3`, `activity_4`, `activity_5`, `image`) VALUES
(1, 'Sports Festival', '2023-04-28 05:07:01', 'Basketball', 'Volleyball', 'Badminton', 'Sepak Takraw', 'Palarong Pinoy', 0x89504e470d0a1a0a0000000d49484452000000e1000000e00803000000c231f1ed00000153504c5445ffffff800000ffdf00daa5207d0000750000730000780000ffdd00770000ffe200ffe000ffe300d89f00e0af1bffe700deab219d480094350a6e0000f2e9e9fcf8f8f8f2f2d6bcbcdaa51ed7a021e4d3d3d8a100efe4e4dac2c2e2cfcfe9dadac9a7a7b27f7fc39c9ca96d6dd1b3b3be9393c097979d55558d2f2fb48282a15e5e933f3fae7878984a4ab98b8b974848851515881f1f8b2929a66767f9f1e2fff4bb903838ffe868ffea7cffe65cffee96edd4a4f2e1c0861a1afffcedfff8d4fff6c8dfb149e8c888fff0a6eed8adffe232fffbe5ffec8af3cd00881b00e9bf00e2ba64fff9dcffe44be5c178e5b718c78f00b26b16bf8300a95d13b57400fff4bff5e9d1e3bc6aeed6a9e9cc91ab6114af6a00a15111a14f00dfb24ed3a95ca15645c38f4693320c8c1700c1907e953b1cab6d5bc08a66ddc0aff4d668eac12ba45939e6c795e1c5a1f0ce58f7e29ab3764b490e1cba0000200049444154789ced7dfb7fda48966fc9ae929031c61d4980410201c298a73138382f3befc479a73389d3e9ee64efedd9997b777676f7feff3fdd3af59284c196c04e663e9f393f2432c6527debbc4f9d2a21f42ffa172523c7f3fda28d6ac3dddd16aaed06c5aa5bf8d163ba521a9a9ddda9d540a8a16b0ef2ad71ab4f888647fb9ee7fdf322b58bc3011ed701404377e8bf7b43845cbd4b7f34e84fe61e056e79059d68c10f1ee972e41bfaa0e8ba4dfd98fea0b5e1a39a476103c24e0ba1820e9f596534243efcb23b18167fe0705351c16f13fa5f95f4e1a71ea1b88c91fc254308e4ea13fa6fd345357d083f57ad41edfb8f7509b21be3f1eec4aad24b7d0c1ff8846adfc0ecc8df4b84655d7ea41dc0bf7bedef3cd2e5a833b67cd0bb26b0654c40f98a16d5321b93639f7dc3d605124fdf157f54b76cfa177be15daac5f2f71b720a725a4364ef93aafaa0afc340fb06fb65ddd40dcacc1061a04bfb52b57cd4c0eacf8a06694eb0ff7d069d820a13dd2a0067eaf013300ff980c1d75cfe05a781c9441a1804e6551916a35dd595cbf0ad1edc0e37bfdbd09392d3b4e03f039811305d2b935e8f58135b7d63ac574384435d71bb894d575ed7748dfd5fb44261f8f1e4338d2a5bc0b92688e6844b26397028530d35faa2ee8708fbbafabc15b2939a5e2ebcb60e4cf476d18f277b882d7e01060315c9a4ab4d2c0f3e19eb08f48d063135c610503885b01d0ae620bcac114ddc561fc07f1837be03860bc9761b86c158e058c014c7c4d4ad05ec93a60e1eae4ea6c86786a441e7a0407f62c4e073c29aba1c9a437e51253013ae39f68d1fcac7227641dfb81a31d34979c3a52f10a606a17db31d58bda257b78aa8d0d32d08040abbbaee899b281749698f0847b14bc05d364166778d1fc64777a433852b82205256b02107c2cf518e560937887bbd4e30ac0f03fa2507887e54f08a7e5d2862478503d4501171318550c8268cf79ef563a201d0baaec9a6b7a183851f7361d5b9efa63a17584986366c63ace23522c23b97c0dc35b91094ad1f12cf35015bc13498ebeb4390d9f6d92ff675c03eb4ba68983431b215024da86413f4d1e6711f727f846fac616e2e5b844b585b6fa126174f9fec16dbb81e7367859ae7373acd49bbb74769badf6df65b7eb16acfde167598cba15e11c4b369683e753df25b63efdcd7af911ceaa6d905267c0063dddbe56670d73a1e865255f01acda9619a8661e03819f453f3b8db2abad11b8fc0ead818ac964d13af213e96694947b726d70f2c4a1a939d807043e86063c203b696e24cb9d1d50820d31613456a1afb11796e6af589750c53c4b4b06a09ce5167ea04daf709c945c45c936e9d3fd5358da8bab87e9b0efd226c3330a74321d78e17b03bda4c523de52b81d543ab7efdf86a63d368316569b1d24455172ebc1a1acef2704492a20b51d2298a66f96d934d6554576b0437b498505f0775dac658277578304f5a0732aaf4f860dc213653a253280d632284d29eeafab9678f689450b3aed5ff336f3d1a7a635defd65001925be4ea38f28d604a968427409ada90cf546d7f164a9fd545b07ede045f191558ece2d2c4a6baafebbdaa67b184dec0229874ebc6e5c279f917c88033720689a7835985692d5c97a4d60c8399bc5d284fd426ba3ed8dba73f760eb88d28b793b00fff7af997b07970bec0e8600216b6062e035f934d6d354490c115d0aeeb86e95317cf3eabf6128927fe69cb4cf235e6ec63d4252d795933adebaa3c06d63ec366f129765a98c720a89c0c9fa619efdffd91f09bf15a4da0ab5a958d49abe15c39382e890d1e57f896d0118769849b483e1991d3773f27fdae310a3955304da996ce48bf8e94b12f6edab15820badf0b7fe5f4939b4ffc477e6bc748fa6dcdecf1f8cfabeef1ca38d01ee16eff6ac3d4b6ca5227cc1f1574a514411adf6e7cc86f6dff91fcfb58678573bb27e30a48a845ec14446679652afa23223c021ab0682db0b805b57b490c872272bab9554a2ca60c2366a2ea1fc81936c7fbfcaa6b1e5fe5b25501ebbeb83c30a996178f990636d2f977fc22bfb1b5fe3eb998b259e9322fccd5b043c628c0057ee55da945750d199db9347de786c79ea61b2b082945b8fd22dd5f6143a91c5b7e4455d3a557f8aacd69599755a2769fff1fa48e3fc9cb0d4098c0e9cffc1d7f62a7433063650def8aab2bb5aa455d94a6bb3efbaf49528e53d35ee4d728c2524a31a5641c001e17cb49a663e156b6bf7a8523084b7dbece14c06591b67d907a981afec010a61653f8531374c41989a8dc142b4045d36a9d1b723a6a59d681b258431d170b81014ff1d2e67f40e6cb0d8e30b598526215218721b4b158b86ae8c41bacb6461eecb9ae1ffee89b96b5cf16e6d34ba8c68494215c424c291932c376b0ce132b1a1853a9d55659c32918b39f94d924f69702883f0a84ebdbcbfcb986c730b9d5fab1c9839aaec984d6315648a61a9db91fb7976101175281f04f4ba5c99895301abc5ce24c4d11f6378ce53dff646ee1a7b71c404da32ce4084b1f96bb0536c0821679c5914c021eca7557c8a5fa618142e5d5ce78d92acc4785704931a56482d2d90eaa1ad0e9d06a0775e4582be4c34198a7f86251d63958b60e63bedb08112e27a694989b688c4d1e449ad6aa190626ea0e1a2bca2c0f900ba940b8ac984a8875be46eee9abacd90c1c760b22dd4d8f454ecb8a2815d2df22089717530a1184922f0339ab94dd02ce7fea53b9b5b199e3e82dcf412ea40ae1ef2bdc094cc2f1ac78a6f58ab665f0a6a5223135dfa1a11ac8437b855a28decc4610ae20a6f45636b8fd2a2af623239ea614d86ac1d3c81826cb1ee8baa5338e36571915175289701531d5f0c88132830e699ca40619a76422a5894e587454dbad3758a8962a9d9f21f3dd661ce10a62aa612860d4c2a563e4f6081ea4c9a4aa227237482fd4654f5f01a06670215508571253cd88274d2d5d6f179096c2ee1c882503a7ad9bd296daab705009a942b85e5a697d034ad1926a07841573bcfdc40003d36a8bf9f04dd2aeb1146c05470823dada9c41b89298529fa144b4ae93090b501d2b3113aba8d6b33a3cacb5a7060bfb262b8d4733b2d9591e7e5c454ca954c0f8ca881ac491cfeb8ae574f1a93792c5b55e93b175b5e1fc2a843444b85e5a11216418436c4266dc8752a73dd25306a801d1985705a7632f95108664482165759ad255882957c5315f863ae80675d34cdf58e4e37d21ed7bab0d463332145c26930184954a8e52a5b2fd71c59b12eaae6b0255d7d20d6064920aa3bbdb1a76eafd7eb3dbeeb6b1de044fd85a49a030265ff3b7efdcbc7f229fe11cdebbfbf6612ef562ffcc7d61354a066b05ce8b2041d5a6671aba248259dfa0bb828c6283ecb5aa7c6a9fdd7ff0e0d3937b676787fce79adf5e09e4f9b645777a7964131866af5cb0ed4284dfcbcb2836f7596bfbb3c7cfdf809466321b5b39460fdfde3d837b7bcd042be38b88c4dd43adab27583bad22bb6bd563e2ec2f6b470d0c5d0776d0fc2aed4c187997401ddb0db013c178d9ee063c880cb3dcd6f571d14e14bb95c756e47bce923515f31874a2312506a99c43c8ade90dc3d43a7412ca5d7d398ca6e25875a01bd32409bf607b111b4a659b4b3ddc3828c2523feb8b3233d9b9084b604db1dea6d6c2ed2ec74728245123e34d6964aa2dc014a3a2ea61d98505429893da3266061b3ea8051f35fe9a5f9b8f902f07f3d68bf278a9323144941a26faa08c7c5efb742e4c14dbc6aeac3d3a7dcb843f5f26ad8740b1b62fb962e436a308a92bac48a77f038b09c1d035bd4c2f9559808219df336532f361ef2d42876069d0247a57ba98226b9d4bcf420c75f67ea8594c48a9b77f7a74ebcee3c777efde7df4f65b89fafc5229b21c6c4e5d9acaa4b76998f549f10137c0e707da45c15bd12d340e743262092f72418dd37b0ad81ae3455a2ef14ff9cc9be70f4ee28f72ceeebeca55225d0b18d6d1d32f49328f2121612718e9647ad9027f7540089954f9df79a967158a739308e30dfddf1e03ba679fee3c3f7a037af8f0f3a3bbf70ee151f7debe884032463564a74ed2a2fb87265404fb36bab46273506b1cebfa681c2cc1428c5d540e19488d884f95e3f5e3db20a65c0f4bdc17e6be31971f447a8d30747874d31a1cd5c9d7c0a659bf780943f4a741aa5cedb29d00d5942cc4c785e8ca9bb947ad71e1f95a668e2d2d812a3ea2ac2c0f428c901e34d33e1334b1eeb60c620e05be450d9a2eaf0288164f667bf7d3b1108f9dc8000dad082ee343c492c6bdc53a65e6ffa24fabeea9bf8129aaa78408e6b461c9c65e0495c605723a246d0f421881d74eed0bf194ce8914320c7b31aa3da29f6e2c4448fdc5cf3a38c3400936365cd44a0791f94443d54ebd0921f3570591a1e93a6eb4222c4e17ce4036a396168d4101d954fef08dfcda0508a9d3c7e65e0d39ca3801c44e3a88a04f43be36e60e298851e778be90d650b54988a9fc2172523d08eab4030990ec421f2a8666c4cd1984e0ef4b21135f80a3e8441c0518ab74b5674344a78e4f8337b349c75f589c093bd41f5246165847be9fea39b8a03888b532aaf1288c2821a5c6f40df5f95fbebcfdfcb0020e5f88290033b0173a0a4cefd44dd519060e701a4c88aeef5f94014bd89491baa9b1bdca691e436aa82f01d221063ca611429a59bbfdf875f46127f71ead3390b26b01f6ac4f25c483946e0aea190d9d682db5a21fcc6162cddaf3152335d8f498cace983ef2c5f7c1a276c4b5f19e22ccdcfe04b7bd7ff3f9d1ed37df3ebf7df4cb19c400878f2ab9926aae3127a116e376ba023486230ca2b96f615e2235c1f5f0531b52cb4e8a69c4135415557f484b95c121a7d9cc2d0ae7feada7dce583c70787bffef6097dc493f59c6aae31a6b0bf565c775031cdfc428fbb32a6b5dda94efae711ea8aaf0e6531389434000fa81312973197f122ff9cdee94ee8f3d5ba4589fbfb7b61730d3e70d4fa1df1503d8515306564ea14fbd498eabd0e3e07d00bdb2e6cc2fa56d3c4335409c5d84087c2844bffdfcfd0c9ad4ccc9646fc7dee150ddc1ea90d0a781ceaa2e1a0e3e4538ca93176f6ab8d7d8ace680654c5dc738ae847fac31c1e08a9075f4a54a80222ae0bd465c8cfa175f94e14dfac3f2ce55e5179514f00413d10976d54d62f7fb29a043ae02e85b7375c983a150f223f0c59e62ce9c61f7fdcb898fe40853ff3ab3f57d1bfbf901fffc545afd7e200673dfe7a25f704397ffd49d08dff83dc1be2f2ff22f5f122fafa55a4d01ab42a067bc1454b338e15d1cd8e07fd7f9285bf9ebe5b2f6d5f40955fd02b71f5053da9c84f1f22f4cbcb8db559843995e20b36fe0742cff382369fa39be272039de42fa6cce98eec7284d2a97d49adb465f51483615da7a1141dbf78993fdddad9595f40a5757496e357afd0614e8c3ef70aa1cfb99db00895c9bcb9f5f8e6a77bf79e7cf95c920e9fd2bb8db513f458b23af3001d89cbe7e8f9da02ca6e6c9cbe2badff1a8e11daa3b44bbabffa3a19b7aa05e494d96ad32092a5930ff9cdece9bb052073f7d0b71267c7097a28465ef986d0b70afd6c43c03b7a107dd8e197753115259882d721c4358424d81334071cc0dba4f076d677fe88585b7005c3cb4afade582740163402a09825357ecae43760dee6802c3d942ca432fa25a73e440f2b8c459b10d23c469007df7aba96ddaaac7ffe3be4be67af00e3ce2920ccdc0f2dd22d743323af1ecfe71e8c62fb636c732af4829771d58dacedcfc3586bb50f463d560d9ef115186fe5b3fcf6eb33204316ae2b19a5978c83eb1c02c5f7fad69af0f82cf7cdbdba47313ecced48457da68493a27daa9838638837a424954abfc7dd25f80b64585658e81fc5a169133f0eb631eb6fc96f9b1bd1393caf850a2abd3c449f2bd2921cd190e68d1caaf2f8b9751ad4dcdd529608495c6b4fd1fd8cd4c45b51786beac9dbef5fcc384ba688be30a64ed96f6a7a8c89454b36133b1e7795e7837be3c5693ea60702cc5df4b91497d6f5dc2fe8891457ea0dd051c88ac81a706ee710dd5786e80d7a26be95b989de48d8af33f2916ba1b12b6dff7c3ede8193012032adf9fd31ac9b197a4c2b8790f6166b0e7477f19dd47342264cdee7b3a1b2bfe420a975e1a24959f84ac8e8b7505c7367e830ea326235efdce39073993b4a15151329d6a7ec619997115b5e5abf31677410b815b5a9098b82d37e504385588f7b1b38ba6fb1a3c786d0d2307f59dbfc9a51f9ac004939f7a4a2b4500cfc509a54b8bc97db090b1999ec16ab0573157d97bd1581f84c19d14f92896fd0e32c8317d1fbed0f73f7a1c23a028d370f9a7e795efacb1735a62de650a050e3cd0f7b317e19294ab0c9bd2b94af7217bdad4893fa44623da397f4d77ce06b478fef3f3b3c3cbbfb8dbbc3ed8db5cc1be51c289c078a89dc9c66d74e4e5e6ec72c5b69fb4f0b86c68adf0b3d224738e66d29e379864612758dd130251c43ce7172c22b3a426ed7a90ede63975b9b14cb03b8fb095fffa569d33a8f068ee6e85fe635124272573958c1c09d451b3499a9893528b622a6c63df0e1900a9e7194c1df2fae4119374ea3b5a5a7528e5ea1bb82856fd5d567a98fd429507cf79f3f0529ad7cbb4bd3a65f725c76338f95ff7baa98780bdde23a40ef9a8b02fcb8f8840618bdc464978b8d6674fdc2638bf6d3b1efd1af0460752e282260a3920fd7039f831f0371fd84842da0aac743b25205a175c1cccf083d600e91f9439a361da213e9f59e29d63de04a99ddc852b3bcc36f7118222c957eba2067044f184c8abbfdb626da1022c674d80a86dd6342e8a7e6f40052fd0b5333f2db862a2f3d106a943979c60d1e989e9c94d1479c99b947ca63c8556eea64a48d79aae4941a16ee70a9fe0a032d2f8081ef2fdcea0e4dee651d30e08349c7f76ad18450843ab5e2eee440877580c2c5d9aff1421a1c00268d030f39282eae3aa5929cffdc5be4eccc745fee9cde963686cae99162270f5a725f84e7a1f64bbaa0794e3036a8009a4e77bd9a53e6d97c6dc1ae2f07a29dda25f93db846ce46a944cff92829734f0e9980c1e04428f00a39eb25e132044288d66ea313c13bce44fab777041eea51b92e973ea3bfe7b88999e704630881650c94cd97d7dcc82a5bb71f3974832daa5d5a23317f62aef1486438540db3a1e9e17c704e72521d81abdc740a84d005467dbc989ec7e84d96c5640fd12f15f1373c3ea25ef65e8e39c10b0f8161b31e26b8bce6e447ba314db3195fcb082eaf0261fc8e1a9c3be8b690af13154b1e715d92c695f292671cdb9b0a61493a85a7725678d09253827d88c4057c52dafe3dc180c2b6b6e6c0464e1059bd70c86c14b0d01d4649ff98cfde94baa4022d617ab2d9c7e86f10d785e690a9224328831c700f2c6c3874049e3361876908c8cd3040ddde998db3e7220c85b24063376a37437f5838b72c3c4c54e6a2ae519ad22c3534c2f40866d28b3588d0a9d110b10e03060855ca44a763032cb0b24e15e9e1733254a250b77f4bd835158edf9e685a3b22966ecfb655b853807a7e3fd92db17e7822edfc1dc94ce1b5b3a06410973c43a147e33cdce600a92c1fa147391e2470bf422fdece5c3c41ff99b0707a6e2b614835d1a6379a0edafce8d0a4cb6aa470c863f1db3293cbcabcfcb6b04159f4e954c5965b9b80104c0e13ceed1c3728256561bea12f15617f05e6bf275ea685237b62716978ca4b75af3e69f7a6230cee926d034abaf44350d560aef1b9b0382133e527b7e9070ccd0e7312f92d2aab2af9920625c72d2698ce27122a846b34ceaea7180c750243c72950b26dd7ad355550e3c9f312905370bbe03706896fea992c167f1ee63bcf2542fec92d8654e478d4656cbdcb6faa5208d532815038879208883857699c6df613b79893021c5b65b25a130fdb940b0ca28bc236f8c3a4824150d160aef1b90cc194b8de119fdc91d839c8d2bb6811846a19cb157327dcde9622ccfc05ba88316ea6501908dbc6fb836e6fbfd96cf6eb3dc5c380cc3665266df5222c36c0784bf1703142c098cfbcac8405900842e151a86b11087728427082291156592c1af80c85af10fa963573b056721e5699a1d3fffd122995a665e7e5d6693eb43cf3a4b422a4f4bf589c8dd349293bab8ba747d4abfbca963ab3674b25d7435e75a433fd1f9bc2890b4b734b84d32cae832087c1daa29626b3a12c8fb034a170468cea90372e76925b1a65483d7e4c4268698643344349b7e199051ea3d388a92eca54d25b28a38a6e6637546d6e6d738bb9430a19404a6fa102ed57dc5b9476fe2a7c328da713ab8c8accf87ab0176e10f6adbd99fd894905c3740bbc6475406fc2ca542a7c5b439fe022bbf6ec441591a9a3a0fe50245220b6ffcd3387ca23e9df1fb17c64fb83d111b36cf88997f44938febe351a8c48d873e2b73b642af116a0a89a30a6815a3a0f380c768e04758d34c51351db6b94610983caf0a837dce4519baabddd442c6d56516805c23728365160bc4f823e21d9506208518746a6e350f5a04eea9b62e989bda2a09e14a11c08715c9395a9b29f64ed8c1a51eef754a1785b9e38b02e57a4d07d160d6c398761e4cde26c9ab0f3a9335d27f1827e4c0cddf36b8981b6dfdd3fc0cc4db61222c44321d066998d88c6e2b7c05d809afd4d386f1a56f30a3f4b103942be498806de606fb3d937e87f9893a416e7acf211e26c3e6370e34bb3713516a8115e78247f4083368235b6a12b69af10b530bbecab9499ccc360639b66192c7e013b59e21e80c920974d8e906717b744944ed3e735be28412d0e2f361d402801344e92abf2b10c189b3abb7ee0956b362c81c65a4e6a7bd6886d6da982612d26ee8310e5003c115035cb3de1d92cb51a2a6138a4591fb72fb28a719aa58e450a34430a2b2f7745a702f5825c51a81b4a96c9b121c0193a6abf8f81c31396edbedbd489dc62015ea59cb40fc3b48531c5723d0eb764ad2587448d98a68887b90ab72e6aed29f35416dbc222fe1a7279538e11a0637ee1278e3ed8f9949d46d52bfabbc36677308e9c92e9e844e79b468b93de88bda421a9761b4534e250cb4840fd8bf0de004cd615efa28200a1aa896f914c476eab42f011fa1f7e13628b11982e4a3c1450af58e4d20e7329038bc0b4b6db37a1a093789f0cae0bcf42630f1e3fe28f67aa0e7c281714a160fa585684a19166fd0c29c6a9c56cea60f23f316dee494b8093b7f5b013c1629a174916b5489da6cc3a1a46096f4b872075560670342e910b330f9128bbacbf7bfa1aa19b476b992c747c3d3a836628ee32a841950d096fd0cd0dd621458554e8e32479ef193b1b6b7f5ecb1e9a390bd5640c4e7a5f52135da8a6c75407dfd8a6ac134ca4c6862f5c94289223684e3cb97fc6bbf41fe64aac89217347c968e63e5acb9e82509a724320859a78ae59d0a65996d1ebfbfca8f045dbd8d85945490d1818163e1bd4718064e18fa5d2e77031f82e8328da11d69e7f7a7672e21cde7b5b61b8a975cd3c47cf647275040d19f91b18245e841c24b137d43488d10aed42add89a1cd06469dcec4f1720841edbc44e086e2cbe4b2d17f404f3c84496d7a8bba79ee265d8450b529a932ba4a76b8fd18904c8db4c36a998d2244168613771ec01df8daa60cdd7ccc80949a269d8a915779b53b66b2df9d4919a1c4e9dba442aa4bc1343b63dc10accb770a92ab6ca5dc9dd47afe52f323759eebc714aa80f1476864a7e7283105bd4ae4e0cd3f0a23f7b7ebdadf1ea86c572a9c44744286b0abb024cfc5b89eb9f9453589689b403c53a1562bf39124949fe86eeaaa5af140d9246e438d75dac5bfb312d2c586c51aad76fc002225bdd48de856c209b4f070d441afa8eace37e5110fff60c21b5ab44fac34aee3335399f95fcaa0067f3435deeac361a29fabdd519b55e9742e9ccf60b99cda01c5f024f9a5d304f2b2a29c4457fd916fc39e4b55ea8e56fb02ee19b6f32dc1fc20269eee15dfad1934a452552ca3d664f1db9b667a0428ad34604fb345ddf9f6344cfafb4253735f4dec2b6e33db5625b2a9da0b7399932ad656e81ab78f0f8e8cd9b87af3e7fb947e139bff0ce36e9f5554bd403c9389ade2736e93c2a456d62eced5ed08259280efbfd06e76f8a53142813e59876c3c6366a6d808bb23991ba8afbe1934e9e7c93dd8990485111558dc4b7d49647e3b285da9941c0a195981cb441d7c0749eebe363bbf2a8a1e1672127376210d788f9c07f7ea61abf4aeb0eba1b6da559637b2c9f3f62fb2bc3e6cb9d9734308d744d21f45278fb469a3d3be2b44f647b7ebf67589636e8cdeeea6eeaa6d9f5abae5be487c8272d64c05886a8c373a8dfb6433f01827af6ee5c076d25176ba0e58d51b7557be9097a93676b69f838d57608d647122e2f95830e99d990d0d7355f5eb3be9bcb9781231368f3628ab103b9a06c2d28518b1a6d693be70fd9771e1ea267b22d0a94f04e26cf8e1f2265d5d59e0420b324b120c68f2ffadad1d7fab04a6a9a4d4f34622bd3f9c67f6c43d3debd10e22dd9641222dc8ee18380e0de3bd94ac67b6b36404ca1393ec508983774ad76b0b029aa187b85030b7792568581cc22c829fe799bb9420971e76536fb80fa89a799b908a9367e71d0c92ba5ac14208bc2f32fd8068e34bbaed8366e1f7a4df65af34f6e0ba27b4c06ccd6a4f1179a5140636c80bb07d93ce310593bc26dea271e1c65327184e0141f3ea192f225a79a18284011d67c30a86b4db3bb93afe1f7ecda6e8f10d39c0436726780d622716b871fb797c6db822b2c987f6c4bf53bab84ae8e37b4dd846d41508da9b04dc0a5cfbfd090e6f06d8ecf053431d0c0541493375e5a8128ea279d60e61998d3777c3ca201daf1b9177da8a3c08a632296f5d388a966f491f755063477d1c94ec451505fc836ae3dfbf4f8cef3b75feede3b0399729e3c544e83063e6baf79919c456e75b58b2a19312115db7e825de4fa03f3600620f2ac46ad56f59b8649e48121a9c41476a93f51a1e8a368c8c9411e3d0e4fe04187f7be3c8cf8443a296f223b1268b25f48b77b9549609fbb07dea1e09d3f5c36d02dd6a23155415dca434d4835126d7f43b239238292bafc377f6dffbf87ebb95c14deb956e9a769cf4ee3799206b6c4ebb0534825dc1839c1b0df8aedab49b90df8ab8ab669fe54ba7fde1766f3ef6047d31f3b518f21363f1d863ded50664c35b7c2dd6b56bb80827dc2aa4e890e3a495e35e513f9be72a220d2f49dfac2d76fa21837f21f599082f1c7ed28be876788725f35d95080b7f3a94ec9e2419883dc3e8ba9817bee829323ca8ddd988d4db54df6c57669fd047de1c6913971d866a1e2b1b5fca9eabd337e17815b89e3bb57aac8620e003c5adb78976672f91e8b7d4ded422f07e2f5c3b334a01ed38a2652696c0dfe759be6b587bcaf9bef05caacdda406f416f385f75703fa00000bb949444154d97c25720406d6de6f339ff8f98c6d2ce145723802e5364f14375300e4ceb0684dbab292b86f597377ccd4096ed43c8da3e740532034de9778eb3af5856a3f17c3886e1e65d7325f63e61f93df729557b05156e2638ccf3c17a5fefc6f29d20a2677388669fe794a2316b8f273d86dc2fe20c5416d2f94bb771ebe8ca64cb7202f7c1634f74c022f09a464127230617968b8c18b47799f64e92d8598b263db5055c89eb3dbad2f4c818fb99fe87850eae0ad8bc91d06fe9374f76f67f78d66366ef103db0a6ed52b069ee7f2f0b8fc5fdb719f484daa6c6a5fcb272fd0b0618b7d6b65d6d7b5e8f8963e47e88d355d1fb7784c90b8a66e7c9063adac3fa3f95004233531844cfbbe5713930bafb4acf74cd3fcba1d02ac5468aef536fca3c462ca777075f8eb1875b2eb56a78b4ac155880c821e8d5cfb65d99992bc8ea01c00abf386fbeab2f92d58d4e52fad643b840d9056d6f28b5f48d7c8587ff830a712a9cda4622a8e902d5acd72ada9b3534d1c6b91986ad5bea9ebbdf88ea864722a85942fef66601d86575e36367ebb2053c7c6c76d66a0be1d4259a71436316437123680caf8b369c146672eff0bfb30e1e085e18c994da889a1908a25faa3132892aee55fbeb8a4c3fea775be69fd970a5f08906638a1989aca6a7a7dd921541ba00554b0e66c334dd410ad61c542e528d851033bd6257f8e0966070f289b2a4f3adddc4af2607c3e7671dcd1e2b3f7e66e50485274c3bf6f4b258c380a280497ebdac2f791c2fb47db60de9e447c868cdeb2d944bde6e7cc6660598b0ccd224a72dc9714d29d77e169341067b7d9a97d8d36663666069cd91bb25f778c17d1585c446f6bf9246f4a9cc313119da6a124aba56284db2107599c8d4ddc6422e3165b933114188088aeb5eb3eeb7ca90d8f693037138b27175363d9b75ac50b56854bcb96524823bbeff3a7622f39750eed8638a215d9b65b535df3b5a0a95ecaaa62f15015b3d94b85277aaa3755c041f2b7b1787bb1c0e752632384542540544273d1389bc669daa0ee17cb35d7aeb96ed90b86ddb119d34ffce27de851f97df297bde6236e663ce3dcb691c554232466552f5b6ac3a21d41b9ebb53f9d9b7ff19e6a46c68c56f269fa5945385c16362b97cc6cec085a5fd7ce9fd8b2905c53d3a3a7ba5d7290b010d29214d1fccbcbdf183b878c1b3b1222cbbeb2998bc5d48c0e112a57e78a4f1710bd75ec04c98b5f8b607c2c456ce046fec392272b63ed839454260ef9af174d545c46b5f9867521d1e41ec74e0ab9b0b2c8dcbd54c2482a9f9e8c3f6dcb26868dcbc434f69627580d670b6c4909520a380c4bddc4b9002117526100f395950ee956b138a8e28562aa96961c308b600c4972538a58031d94e802f55ab9ea62c9e342ba96bd34ce4e0451ba462883f31eb0f90f95f5509bb1a28fe396e3726ae9ac525e142f52a4b4bb703eb18ad62e8db39390f113738d20f59bb945b7c33232b3a98da6ff8d8df065b309a988c93e18556c48888bda224048a1839b9a98f7abbd765cde901b1cd81f95592411f2159d0e65fa1e9dfea9bfc4bbd7aa70dc89419f27fde882da22a6420ad1da66e6a7d55e111192f1eb365fd95924a6eafd1dd402e23ab21947d3bd2c8839fc71016252b5fb74c15a02666681d5b3af082085c8eae25b9b9bf3df94a8b66cc171f1549b98b598a47bd5e31060d97bacad46592d771e8ff08d6dd846b1f9714513337357303854f64fe7dd3574f530a746b545b179077aba28dcb5341ff60f41e31c567ba2e71954fc91ba6715675f1d19bf6f977632f3c4549951beec80bbe3a0be67f2869a1434a56164afaf8dd99c292d9e7398a141953016675f15412c5eca9f17532384c21bfca835a50a42d2be23b068c29ff27b9ae1624630bb70896fac67d6be5ea98486587ede7e773aab198658ad06498d14ac71f25721498ae41306201437f667c0e09f4f978bb31341bcb193b911bfb97cdf6a1796cf224d61e4a2e3f6e653249f60274ec876941988c6bb65e3ec24445de3fb1842c9c1b6a1c710eacbbce9b1aa4ec6672f3a300d51a38b0bea1f171da8720564c44c8dd4c1b6c1f67189064aaa87cbbd31b77620ec0720a49e420a48fc6502d725a1f3ee2ffb9ae1206568b8076f8d0d32f697c2c7b0402f314dc73bbc5823cfccaeadf68e9fa5496eeb0988084c3115acce85075e26a05a30ecb15745b15e33114bd8a31f01513e9df5a3d1588dda86555ee71ca5324804cb81552564ff7ab56f0e6175943ceb9a34a8b768affa22d990bc81d8386ba886f8ce355ad079644c65d8c18b9b7817757920ead45678f7b8530ff88bb883aea86384e5ace27755c6c8d9cebcb900b7eb0de4941b5d4ce6adb62426df32096e529893267f9219c646f652afbe598ab07ceb91edaad65e588964255763cec1d629088e5987250619c081e308a442d4bf93a42a090dc0b4f4e607394bd320ce283061817adf55f5dabd213c523a09a76d426c165f0b33d2c7a3b314b79ad02357a4598754fbfe922fdb4a4ec69e584a72218128a0f8d6ee953908d48d47f7ac36c95fe30e543eb8566dc486cc76d9fea051bc150debe74e83588a1ad1fa12cd1599c70d3be11bd767543199486161a12234b0a9652258d45ae5c5e3512ad48921cf3f872a2a738d21c442f39a44d5dc5396bbc6c27d68639a52bb0767ec1c747753af845e445e6bd23e3800b33a91a72893c8b1cbed2b2923c6c91885db9778c99dedb8c7c39a6d3bcbae8c26a006ac87307386a32d9ce5fd2bc668687ee4f67d790a48617c7591da22aa8e5c919719b13d8de5f6d5c92a3647619c5244d27e1a35ef60c544221139d3406d2547ce309417b7695e895dc5a41732ca87e3108575c1ed0e6b8eabd5ae49486dcff7fda06aabbd89d0ad3320118c85c668d5a21b368c7ea8e0dec8209130064f0f30eb7620da6aa1da7cd274d13ba940c092646018b175bb6a7361fb4c1278a417d950ef0c4c2628e7777e187b4b2c535c4acef99c10f3ae3023ded850ec2ef57a580a6fda88dea80c77018f7fee1c129266b5370d7566e71236fd8199c346dcc2395e7f7127d45c74344d68fb712b52644f8345a6998d82d85c255dba98bc9951c304f384f47c35afe6775991e772708649a6c373f508bef990818947c6a47b1d12aaa813737bcc2572c3aacf0b30dca0d3c3e66cc7978206fd27c6b8e9cfadc7b3b53c56c96e46660a93fdb4d5fbb46437c5e3a08cb73785f6f803f6e8851d8f76d51f367bc706e19d34bcab86106daf5d67a76bcf271e371955e41f07a8e00da7f0f7faf1f0aa22d18bc809267bd81875d9dbb6cbd3ba282b9cdb2b76eeef6cb756ad7a5eb55a76dd4b054d0415fe9ed239dbbdd238343995db1319525d25893c172fde14fa5da840038c40ec8e5a2ca6cb90ca02a94c6be3f1a4f13da473760c8d01669a258dc8fc7696ea2586c16fcdfbb4102fc6509dd72f7f69fa1553c39a4d26f0f4dc3cdbbbc7b2d4e706aa8085ca553519ae35a7ddceae9fbb37697f7f2574668781e930625ead3c1d4db0c946664fcdce108f79ed55efb6d5ebb3a82798657db54bade6588b766f92ee0f10524a854e189d6113f727c4d4c79170c3a502cada796802cbb67d1c83fbac82b8f9165f452ae89d99774cfb234bd760bf47ad6ef0dd19261e7e8f946901f93d02e330087b7969c11f9816e944986213d6e9d2e22f62f0e1bf313b9192b56ad100a25f8cbdf026b0f02494e6627fba37d9bd6e0f7f1915bcddfab018822aef76b53082f378357e8fef132beb4de4b2370fa23a6fd2b2dc72ac5c76c11b52ff41a9c181083beb9201d5427ed22f4b0f1a5364ebddc57ffe4f4013c26ccf1eaf5ad528c2066105d02a135f48a1499acede7f3c3ae0ead6e2c23a34ba68c86bf42e1941f64cafa604d9ffbc201d22ea717b56db6f1d4f8d0e05cba4d486df8c7c04ef52ef1ca76841ff07a31a914a16d4fb3e352f01f2393b6956893cabdfd62c03378b3fc6db5d0505241693c1c17f45c2d6526c324641138e16f352f6f6fe63513d76d8bb078e822920b4594beebafa75155dae9daa6e39ba644c431ab64b09b3fe2c8f1de6cb88243bfee01f90ea03ac93a98a540b53be93aec11c6253ede0f16994f68352db2b2078d322db4b6ef707565b44973d2b28f8968a7bfceb2a607f678a1e29e2ef8fd36f11fc17fd8bfe45ffc4f4ff01a22ea16de2b5b4920000000049454e44ae426082),
(2, 'ELITE Week', '2023-04-28 05:07:01', 'Valorant Tournament', 'ML Tournament', 'Digital Art Tournament', ' Video Editing Tournament', 'Film Making', 0x89504e470d0a1a0a0000000d49484452000000e1000000e00803000000c231f1ed00000153504c5445ffffff800000ffdf00daa5207d0000750000730000780000ffdd00770000ffe200ffe000ffe300d89f00e0af1bffe700deab219d480094350a6e0000f2e9e9fcf8f8f8f2f2d6bcbcdaa51ed7a021e4d3d3d8a100efe4e4dac2c2e2cfcfe9dadac9a7a7b27f7fc39c9ca96d6dd1b3b3be9393c097979d55558d2f2fb48282a15e5e933f3fae7878984a4ab98b8b974848851515881f1f8b2929a66767f9f1e2fff4bb903838ffe868ffea7cffe65cffee96edd4a4f2e1c0861a1afffcedfff8d4fff6c8dfb149e8c888fff0a6eed8adffe232fffbe5ffec8af3cd00881b00e9bf00e2ba64fff9dcffe44be5c178e5b718c78f00b26b16bf8300a95d13b57400fff4bff5e9d1e3bc6aeed6a9e9cc91ab6114af6a00a15111a14f00dfb24ed3a95ca15645c38f4693320c8c1700c1907e953b1cab6d5bc08a66ddc0aff4d668eac12ba45939e6c795e1c5a1f0ce58f7e29ab3764b490e1cba0000200049444154789ced7dfb7fda48966fc9ae929031c61d4980410201c298a73138382f3befc479a73389d3e9ee64efedd9997b777676f7feff3fdd3af59284c196c04e663e9f393f2432c6527debbc4f9d2a21f42ffa172523c7f3fda28d6ac3dddd16aaed06c5aa5bf8d163ba521a9a9ddda9d540a8a16b0ef2ad71ab4f888647fb9ee7fdf322b58bc3011ed701404377e8bf7b43845cbd4b7f34e84fe61e056e79059d68c10f1ee972e41bfaa0e8ba4dfd98fea0b5e1a39a476103c24e0ba1820e9f596534243efcb23b18167fe0705351c16f13fa5f95f4e1a71ea1b88c91fc254308e4ea13fa6fd345357d083f57ad41edfb8f7509b21be3f1eec4aad24b7d0c1ff8846adfc0ecc8df4b84655d7ea41dc0bf7bedef3cd2e5a833b67cd0bb26b0654c40f98a16d5321b93639f7dc3d605124fdf157f54b76cfa177be15daac5f2f71b720a725a4364ef93aafaa0afc340fb06fb65ddd40dcacc1061a04bfb52b57cd4c0eacf8a06694eb0ff7d069d820a13dd2a0067eaf013300ff980c1d75cfe05a781c9441a1804e6551916a35dd595cbf0ad1edc0e37bfdbd09392d3b4e03f039811305d2b935e8f58135b7d63ac574384435d71bb894d575ed7748dfd5fb44261f8f1e4338d2a5bc0b92688e6844b26397028530d35faa2ee8708fbbafabc15b2939a5e2ebcb60e4cf476d18f277b882d7e01060315c9a4ab4d2c0f3e19eb08f48d063135c610503885b01d0ae620bcac114ddc561fc07f1837be03860bc9761b86c158e058c014c7c4d4ad05ec93a60e1eae4ea6c86786a441e7a0407f62c4e073c29aba1c9a437e51253013ae39f68d1fcac7227641dfb81a31d34979c3a52f10a606a17db31d58bda257b78aa8d0d32d08040abbbaee899b281749698f0847b14bc05d364166778d1fc64777a433852b82205256b02107c2cf518e560937887bbd4e30ac0f03fa2507887e54f08a7e5d2862478503d4501171318550c8268cf79ef563a201d0baaec9a6b7a183851f7361d5b9efa63a17584986366c63ace23522c23b97c0dc35b91094ad1f12cf35015bc13498ebeb4390d9f6d92ff675c03eb4ba68983431b215024da86413f4d1e6711f727f846fac616e2e5b844b585b6fa126174f9fec16dbb81e7367859ae7373acd49bbb74769badf6df65b7eb16acfde167598cba15e11c4b369683e753df25b63efdcd7af911ceaa6d905267c0063dddbe56670d73a1e865255f01acda9619a8661e03819f453f3b8db2abad11b8fc0ead818ac964d13af213e96694947b726d70f2c4a1a939d807043e86063c203b696e24cb9d1d50820d31613456a1afb11796e6af589750c53c4b4b06a09ce5167ea04daf709c945c45c936e9d3fd5358da8bab87e9b0efd226c3330a74321d78e17b03bda4c523de52b81d543ab7efdf86a63d368316569b1d24455172ebc1a1acef2704492a20b51d2298a66f96d934d6554576b0437b498505f0775dac658277578304f5a0732aaf4f860dc213653a253280d632284d29eeafab9678f689450b3aed5ff336f3d1a7a635defd65001925be4ea38f28d604a968427409ada90cf546d7f164a9fd545b07ede045f191558ece2d2c4a6baafebbdaa67b184dec0229874ebc6e5c279f917c88033720689a7835985692d5c97a4d60c8399bc5d284fd426ba3ed8dba73f760eb88d28b793b00fff7af997b07970bec0e8600216b6062e035f934d6d354490c115d0aeeb86e95317cf3eabf6128927fe69cb4cf235e6ec63d4252d795933adebaa3c06d63ec366f129765a98c720a89c0c9fa619efdffd91f09bf15a4da0ab5a958d49abe15c39382e890d1e57f896d0118769849b483e1991d3773f27fdae310a3955304da996ce48bf8e94b12f6edab15820badf0b7fe5f4939b4ffc477e6bc748fa6dcdecf1f8cfabeef1ca38d01ee16eff6ac3d4b6ca5227cc1f1574a514411adf6e7cc86f6dff91fcfb58678573bb27e30a48a845ec14446679652afa23223c021ab0682db0b805b57b490c872272bab9554a2ca60c2366a2ea1fc81936c7fbfcaa6b1e5fe5b25501ebbeb83c30a996178f990636d2f977fc22bfb1b5fe3eb998b259e9322fccd5b043c628c0057ee55da945750d199db9347de786c79ea61b2b082945b8fd22dd5f6143a91c5b7e4455d3a557f8aacd69599755a2769fff1fa48e3fc9cb0d4098c0e9cffc1d7f62a7433063650def8aab2bb5aa455d94a6bb3efbaf49528e53d35ee4d728c2524a31a5641c001e17cb49a663e156b6bf7a8523084b7dbece14c06591b67d907a981afec010a61653f8531374c41989a8dc142b4045d36a9d1b723a6a59d681b258431d170b81014ff1d2e67f40e6cb0d8e30b598526215218721b4b158b86ae8c41bacb6461eecb9ae1ffee89b96b5cf16e6d34ba8c68494215c424c291932c376b0ce132b1a1853a9d55659c32918b39f94d924f69702883f0a84ebdbcbfcb986c730b9d5fab1c9839aaec984d6315648a61a9db91fb7976101175281f04f4ba5c99895301abc5ce24c4d11f6378ce53dff646ee1a7b71c404da32ce4084b1f96bb0536c0821679c5914c021eca7557c8a5fa618142e5d5ce78d92acc4785704931a56482d2d90eaa1ad0e9d06a0775e4582be4c34198a7f86251d63958b60e63bedb08112e27a694989b688c4d1e449ad6aa190626ea0e1a2bca2c0f900ba940b8ac984a8875be46eee9abacd90c1c760b22dd4d8f454ecb8a2815d2df22089717530a1184922f0339ab94dd02ce7fea53b9b5b199e3e82dcf412ea40ae1ef2bdc094cc2f1ac78a6f58ab665f0a6a5223135dfa1a11ac8437b855a28decc4610ae20a6f45636b8fd2a2af623239ea614d86ac1d3c81826cb1ee8baa5338e36571915175289701531d5f0c88132830e699ca40619a76422a5894e587454dbad3758a8962a9d9f21f3dd661ce10a62aa612860d4c2a563e4f6081ea4c9a4aa227237482fd4654f5f01a06670215508571253cd88274d2d5d6f179096c2ee1c882503a7ad9bd296daab705009a942b85e5a697d034ad1926a07841573bcfdc40003d36a8bf9f04dd2aeb1146c05470823dada9c41b89298529fa144b4ae93090b501d2b3113aba8d6b33a3cacb5a7060bfb262b8d4733b2d9591e7e5c454ca954c0f8ca881ac491cfeb8ae574f1a93792c5b55e93b175b5e1fc2a843444b85e5a11216418436c4266dc8752a73dd25306a801d1985705a7632f95108664482165759ad255882957c5315f863ae80675d34cdf58e4e37d21ed7bab0d463332145c26930184954a8e52a5b2fd71c59b12eaae6b0255d7d20d6064920aa3bbdb1a76eafd7eb3dbeeb6b1de044fd85a49a030265ff3b7efdcbc7f229fe11cdebbfbf6612ef562ffcc7d61354a066b05ce8b2041d5a6671aba248259dfa0bb828c6283ecb5aa7c6a9fdd7ff0e0d3937b676787fce79adf5e09e4f9b645777a7964131866af5cb0ed4284dfcbcb2836f7596bfbb3c7cfdf809466321b5b39460fdfde3d837b7bcd042be38b88c4dd43adab27583bad22bb6bd563e2ec2f6b470d0c5d0776d0fc2aed4c187997401ddb0db013c178d9ee063c880cb3dcd6f571d14e14bb95c756e47bce923515f31874a2312506a99c43c8ade90dc3d43a7412ca5d7d398ca6e25875a01bd32409bf607b111b4a659b4b3ddc3828c2523feb8b3233d9b9084b604db1dea6d6c2ed2ec74728245123e34d6964aa2dc014a3a2ea61d98505429893da3266061b3ea8051f35fe9a5f9b8f902f07f3d68bf278a9323144941a26faa08c7c5efb742e4c14dbc6aeac3d3a7dcb843f5f26ad8740b1b62fb962e436a308a92bac48a77f038b09c1d035bd4c2f9559808219df336532f361ef2d42876069d0247a57ba98226b9d4bcf420c75f67ea8594c48a9b77f7a74ebcee3c777efde7df4f65b89fafc5229b21c6c4e5d9acaa4b76998f549f10137c0e707da45c15bd12d340e743262092f72418dd37b0ad81ae3455a2ef14ff9cc9be70f4ee28f72ceeebeca55225d0b18d6d1d32f49328f2121612718e9647ad9027f7540089954f9df79a967158a739308e30dfddf1e03ba679fee3c3f7a037af8f0f3a3bbf70ee151f7debe884032463564a74ed2a2fb87265404fb36bab46273506b1cebfa681c2cc1428c5d540e19488d884f95e3f5e3db20a65c0f4bdc17e6be31971f447a8d30747874d31a1cd5c9d7c0a659bf780943f4a741aa5cedb29d00d5942cc4c785e8ca9bb947ad71e1f95a668e2d2d812a3ea2ac2c0f428c901e34d33e1334b1eeb60c620e05be450d9a2eaf0288164f667bf7d3b1108f9dc8000dad082ee343c492c6bdc53a65e6ffa24fabeea9bf8129aaa78408e6b461c9c65e0495c605723a246d0f421881d74eed0bf194ce8914320c7b31aa3da29f6e2c4448fdc5cf3a38c3400936365cd44a0791f94443d54ebd0921f3570591a1e93a6eb4222c4e17ce4036a396168d4101d954fef08dfcda0508a9d3c7e65e0d39ca3801c44e3a88a04f43be36e60e298851e778be90d650b54988a9fc2172523d08eab4030990ec421f2a8666c4cd1984e0ef4b21135f80a3e8441c0518ab74b5674344a78e4f8337b349c75f589c093bd41f5246165847be9fea39b8a03888b532aaf1288c2821a5c6f40df5f95fbebcfdfcb0020e5f88290033b0173a0a4cefd44dd519060e701a4c88aeef5f94014bd89491baa9b1bdca691e436aa82f01d221063ca611429a59bbfdf875f46127f71ead3390b26b01f6ac4f25c483946e0aea190d9d682db5a21fcc6162cddaf3152335d8f498cace983ef2c5f7c1a276c4b5f19e22ccdcfe04b7bd7ff3f9d1ed37df3ebf7df4cb19c400878f2ab9926aae3127a116e376ba023486230ca2b96f615e2235c1f5f0531b52cb4e8a69c4135415557f484b95c121a7d9cc2d0ae7feada7dce583c70787bffef6097dc493f59c6aae31a6b0bf565c775031cdfc428fbb32a6b5dda94efae711ea8aaf0e6531389434000fa81312973197f122ff9cdee94ee8f3d5ba4589fbfb7b61730d3e70d4fa1df1503d8515306564ea14fbd498eabd0e3e07d00bdb2e6cc2fa56d3c4335409c5d84087c2844bffdfcfd0c9ad4ccc9646fc7dee150ddc1ea90d0a781ceaa2e1a0e3e4538ca93176f6ab8d7d8ace680654c5dc738ae847fac31c1e08a9075f4a54a80222ae0bd465c8cfa175f94e14dfac3f2ce55e5179514f00413d10976d54d62f7fb29a043ae02e85b7375c983a150f223f0c59e62ce9c61f7fdcb898fe40853ff3ab3f57d1bfbf901fffc545afd7e200673dfe7a25f704397ffd49d08dff83dc1be2f2ff22f5f122fafa55a4d01ab42a067bc1454b338e15d1cd8e07fd7f9285bf9ebe5b2f6d5f40955fd02b71f5053da9c84f1f22f4cbcb8db559843995e20b36fe0742cff382369fa39be272039de42fa6cce98eec7284d2a97d49adb465f51483615da7a1141dbf78993fdddad9595f40a5757496e357afd0614e8c3ef70aa1cfb99db00895c9bcb9f5f8e6a77bf79e7cf95c920e9fd2bb8db513f458b23af3001d89cbe7e8f9da02ca6e6c9cbe2badff1a8e11daa3b44bbabffa3a19b7aa05e494d96ad32092a5930ff9cdece9bb052073f7d0b71267c7097a28465ef986d0b70afd6c43c03b7a107dd8e197753115259882d721c4358424d81334071cc0dba4f076d677fe88585b7005c3cb4afade582740163402a09825357ecae43760dee6802c3d942ca432fa25a73e440f2b8c459b10d23c469007df7aba96ddaaac7ffe3be4be67af00e3ce2920ccdc0f2dd22d743323af1ecfe71e8c62fb636c732af4829771d58dacedcfc3586bb50f463d560d9ef115186fe5b3fcf6eb33204316ae2b19a5978c83eb1c02c5f7fad69af0f82cf7cdbdba47313ecced48457da68493a27daa9838638837a424954abfc7dd25f80b64585658e81fc5a169133f0eb631eb6fc96f9b1bd1393caf850a2abd3c449f2bd2921cd190e68d1caaf2f8b9751ad4dcdd529608495c6b4fd1fd8cd4c45b51786beac9dbef5fcc384ba688be30a64ed96f6a7a8c89454b36133b1e7795e7837be3c5693ea60702cc5df4b91497d6f5dc2fe8891457ea0dd051c88ac81a706ee710dd5786e80d7a26be95b989de48d8af33f2916ba1b12b6dff7c3ede8193012032adf9fd31ac9b197a4c2b8790f6166b0e7477f19dd47342264cdee7b3a1b2bfe420a975e1a24959f84ac8e8b7505c7367e830ea326235efdce39073993b4a15151329d6a7ec619997115b5e5abf31677410b815b5a9098b82d37e504385588f7b1b38ba6fb1a3c786d0d2307f59dbfc9a51f9ac004939f7a4a2b4500cfc509a54b8bc97db090b1999ec16ab0573157d97bd1581f84c19d14f92896fd0e32c8317d1fbed0f73f7a1c23a028d370f9a7e795efacb1735a62de650a050e3cd0f7b317e19294ab0c9bd2b94af7217bdad4893fa44623da397f4d77ce06b478fef3f3b3c3cbbfb8dbbc3ed8db5cc1be51c289c078a89dc9c66d74e4e5e6ec72c5b69fb4f0b86c68adf0b3d224738e66d29e379864612758dd130251c43ce7172c22b3a426ed7a90ede63975b9b14cb03b8fb095fffa569d33a8f068ee6e85fe635124272573958c1c09d451b3499a9893528b622a6c63df0e1900a9e7194c1df2fae4119374ea3b5a5a7528e5ea1bb82856fd5d567a98fd429507cf79f3f0529ad7cbb4bd3a65f725c76338f95ff7baa98780bdde23a40ef9a8b02fcb8f8840618bdc464978b8d6674fdc2638bf6d3b1efd1af0460752e282260a3920fd7039f831f0371fd84842da0aac743b25205a175c1cccf083d600e91f9439a361da213e9f59e29d63de04a99ddc852b3bcc36f7118222c957eba2067044f184c8abbfdb626da1022c674d80a86dd6342e8a7e6f40052fd0b5333f2db862a2f3d106a943979c60d1e989e9c94d1479c99b947ca63c8556eea64a48d79aae4941a16ee70a9fe0a032d2f8081ef2fdcea0e4dee651d30e08349c7f76ad18450843ab5e2eee440877580c2c5d9aff1421a1c00268d030f39282eae3aa5929cffdc5be4eccc745fee9cde963686cae99162270f5a725f84e7a1f64bbaa0794e3036a8009a4e77bd9a53e6d97c6dc1ae2f07a29dda25f93db846ce46a944cff92829734f0e9980c1e04428f00a39eb25e132044288d66ea313c13bce44fab777041eea51b92e973ea3bfe7b88999e704630881650c94cd97d7dcc82a5bb71f3974832daa5d5a23317f62aef1486438540db3a1e9e17c704e72521d81abdc740a84d005467dbc989ec7e84d96c5640fd12f15f1373c3ea25ef65e8e39c10b0f8161b31e26b8bce6e447ba314db3195fcb082eaf0261fc8e1a9c3be8b690af13154b1e715d92c695f292671cdb9b0a61493a85a7725678d09253827d88c4057c52dafe3dc180c2b6b6e6c0464e1059bd70c86c14b0d01d4649ff98cfde94baa4022d617ab2d9c7e86f10d785e690a9224328831c700f2c6c3874049e3361876908c8cd3040ddde998db3e7220c85b24063376a37437f5838b72c3c4c54e6a2ae519ad22c3534c2f40866d28b3588d0a9d110b10e03060855ca44a763032cb0b24e15e9e1733254a250b77f4bd835158edf9e685a3b22966ecfb655b853807a7e3fd92db17e7822edfc1dc94ce1b5b3a06410973c43a147e33cdce600a92c1fa147391e2470bf422fdece5c3c41ff99b0707a6e2b614835d1a6379a0edafce8d0a4cb6aa470c863f1db3293cbcabcfcb6b04159f4e954c5965b9b80104c0e13ceed1c3728256561bea12f15617f05e6bf275ea685237b62716978ca4b75af3e69f7a6230cee926d034abaf44350d560aef1b9b0382133e527b7e9070ccd0e7312f92d2aab2af9920625c72d2698ce27122a846b34ceaea7180c750243c72950b26dd7ad355550e3c9f312905370bbe03706896fea992c167f1ee63bcf2542fec92d8654e478d4656cbdcb6faa5208d532815038879208883857699c6df613b79893021c5b65b25a130fdb940b0ca28bc236f8c3a4824150d160aef1b90cc194b8de119fdc91d839c8d2bb6811846a19cb157327dcde9622ccfc05ba88316ea6501908dbc6fb836e6fbfd96cf6eb3dc5c380cc3665266df5222c36c0784bf1703142c098cfbcac8405900842e151a86b11087728427082291156592c1af80c85af10fa963573b056721e5699a1d3fffd122995a665e7e5d6693eb43cf3a4b422a4f4bf589c8dd349293bab8ba747d4abfbca963ab3674b25d7435e75a433fd1f9bc2890b4b734b84d32cae832087c1daa29626b3a12c8fb034a170468cea90372e76925b1a65483d7e4c4268698643344349b7e199051ea3d388a92eca54d25b28a38a6e6637546d6e6d738bb9430a19404a6fa102ed57dc5b9476fe2a7c328da713ab8c8accf87ab0176e10f6adbd99fd894905c3740bbc6475406fc2ca542a7c5b439fe022bbf6ec441591a9a3a0fe50245220b6ffcd3387ca23e9df1fb17c64fb83d111b36cf88997f44938febe351a8c48d873e2b73b642af116a0a89a30a6815a3a0f380c768e04758d34c51351db6b94610983caf0a837dce4519baabddd442c6d56516805c23728365160bc4f823e21d9506208518746a6e350f5a04eea9b62e989bda2a09e14a11c08715c9395a9b29f64ed8c1a51eef754a1785b9e38b02e57a4d07d160d6c398761e4cde26c9ab0f3a9335d27f1827e4c0cddf36b8981b6dfdd3fc0cc4db61222c44321d066998d88c6e2b7c05d809afd4d386f1a56f30a3f4b103942be498806de606fb3d937e87f9893a416e7acf211e26c3e6370e34bb3713516a8115e78247f4083368235b6a12b69af10b530bbecab9499ccc360639b66192c7e013b59e21e80c920974d8e906717b744944ed3e735be28412d0e2f361d402801344e92abf2b10c189b3abb7ee0956b362c81c65a4e6a7bd6886d6da982612d26ee8310e5003c115035cb3de1d92cb51a2a6138a4591fb72fb28a719aa58e450a34430a2b2f7745a702f5825c51a81b4a96c9b121c0193a6abf8f81c31396edbedbd489dc62015ea59cb40fc3b48531c5723d0eb764ad2587448d98a68887b90ab72e6aed29f35416dbc222fe1a7279538e11a0637ee1278e3ed8f9949d46d52bfabbc36677308e9c92e9e844e79b468b93de88bda421a9761b4534e250cb4840fd8bf0de004cd615efa28200a1aa896f914c476eab42f011fa1f7e13628b11982e4a3c1450af58e4d20e7329038bc0b4b6db37a1a093789f0cae0bcf42630f1e3fe28f67aa0e7c281714a160fa585684a19166fd0c29c6a9c56cea60f23f316dee494b8093b7f5b013c1629a174916b5489da6cc3a1a46096f4b872075560670342e910b330f9128bbacbf7bfa1aa19b476b992c747c3d3a836628ee32a841950d096fd0cd0dd621458554e8e32479ef193b1b6b7f5ecb1e9a390bd5640c4e7a5f52135da8a6c75407dfd8a6ac134ca4c6862f5c94289223684e3cb97fc6bbf41fe64aac89217347c968e63e5acb9e82509a724320859a78ae59d0a65996d1ebfbfca8f045dbd8d85945490d1818163e1bd4718064e18fa5d2e77031f82e8328da11d69e7f7a7672e21cde7b5b61b8a975cd3c47cf647275040d19f91b18245e841c24b137d43488d10aed42add89a1cd06469dcec4f1720841edbc44e086e2cbe4b2d17f404f3c84496d7a8bba79ee265d8450b529a932ba4a76b8fd18904c8db4c36a998d2244168613771ec01df8daa60cdd7ccc80949a269d8a915779b53b66b2df9d4919a1c4e9dba442aa4bc1343b63dc10accb770a92ab6ca5dc9dd47afe52f323759eebc714aa80f1476864a7e7283105bd4ae4e0cd3f0a23f7b7ebdadf1ea86c572a9c44744286b0abb024cfc5b89eb9f9453589689b403c53a1562bf39124949fe86eeaaa5af140d9246e438d75dac5bfb312d2c586c51aad76fc002225bdd48de856c209b4f070d441afa8eace37e5110fff60c21b5ab44fac34aee3335399f95fcaa0067f3435deeac361a29fabdd519b55e9742e9ccf60b99cda01c5f024f9a5d304f2b2a29c4457fd916fc39e4b55ea8e56fb02ee19b6f32dc1fc20269eee15dfad1934a452552ca3d664f1db9b667a0428ad34604fb345ddf9f6344cfafb4253735f4dec2b6e33db5625b2a9da0b7399932ad656e81ab78f0f8e8cd9b87af3e7fb947e139bff0ce36e9f5554bd403c9389ade2736e93c2a456d62eced5ed08259280efbfd06e76f8a53142813e59876c3c6366a6d808bb23991ba8afbe1934e9e7c93dd8990485111558dc4b7d49647e3b285da9941c0a195981cb441d7c0749eebe363bbf2a8a1e1672127376210d788f9c07f7ea61abf4aeb0eba1b6da559637b2c9f3f62fb2bc3e6cb9d9734308d744d21f45278fb469a3d3be2b44f647b7ebf67589636e8cdeeea6eeaa6d9f5abae5be487c8272d64c05886a8c373a8dfb6433f01827af6ee5c076d25176ba0e58d51b7557be9097a93676b69f838d57608d647122e2f95830e99d990d0d7355f5eb3be9bcb9781231368f3628ab103b9a06c2d28518b1a6d693be70fd9771e1ea267b22d0a94f04e26cf8e1f2265d5d59e0420b324b120c68f2ffadad1d7fab04a6a9a4d4f34622bd3f9c67f6c43d3debd10e22dd9641222dc8ee18380e0de3bd94ac67b6b36404ca1393ec508983774ad76b0b029aa187b85030b7792568581cc22c829fe799bb9420971e76536fb80fa89a799b908a9367e71d0c92ba5ac14208bc2f32fd8068e34bbaed8366e1f7a4df65af34f6e0ba27b4c06ccd6a4f1179a5140636c80bb07d93ce310593bc26dea271e1c65327184e0141f3ea192f225a79a18284011d67c30a86b4db3bb93afe1f7ecda6e8f10d39c0436726780d622716b871fb797c6db822b2c987f6c4bf53bab84ae8e37b4dd846d41508da9b04dc0a5cfbfd090e6f06d8ecf053431d0c0541493375e5a8128ea279d60e61998d3777c3ca201daf1b9177da8a3c08a632296f5d388a966f491f755063477d1c94ec451505fc836ae3dfbf4f8cef3b75feede3b0399729e3c544e83063e6baf79919c456e75b58b2a19312115db7e825de4fa03f3600620f2ac46ad56f59b8649e48121a9c41476a93f51a1e8a368c8c9411e3d0e4fe04187f7be3c8cf8443a296f223b1268b25f48b77b9549609fbb07dea1e09d3f5c36d02dd6a23155415dca434d4835126d7f43b239238292bafc377f6dffbf87ebb95c14deb956e9a769cf4ee3799206b6c4ebb0534825dc1839c1b0df8aedab49b90df8ab8ab669fe54ba7fde1766f3ef6047d31f3b518f21363f1d863ded50664c35b7c2dd6b56bb80827dc2aa4e890e3a495e35e513f9be72a220d2f49dfac2d76fa21837f21f599082f1c7ed28be876788725f35d95080b7f3a94ec9e2419883dc3e8ba9817bee829323ca8ddd988d4db54df6c57669fd047de1c6913971d866a1e2b1b5fca9eabd337e17815b89e3bb57aac8620e003c5adb78976672f91e8b7d4ded422f07e2f5c3b334a01ed38a2652696c0dfe759be6b587bcaf9bef05caacdda406f416f385f75703fa00000bb949444154d97c25720406d6de6f339ff8f98c6d2ce145723802e5364f14375300e4ceb0684dbab292b86f597377ccd4096ed43c8da3e740532034de9778eb3af5856a3f17c3886e1e65d7325f63e61f93df729557b05156e2638ccf3c17a5fefc6f29d20a2677388669fe794a2316b8f273d86dc2fe20c5416d2f94bb771ebe8ca64cb7202f7c1634f74c022f09a464127230617968b8c18b47799f64e92d8598b263db5055c89eb3dbad2f4c818fb99fe87850eae0ad8bc91d06fe9374f76f67f78d66366ef103db0a6ed52b069ee7f2f0b8fc5fdb719f484daa6c6a5fcb272fd0b0618b7d6b65d6d7b5e8f8963e47e88d355d1fb7784c90b8a66e7c9063adac3fa3f95004233531844cfbbe5713930bafb4acf74cd3fcba1d02ac5468aef536fca3c462ca777075f8eb1875b2eb56a78b4ac155880c821e8d5cfb65d99992bc8ea01c00abf386fbeab2f92d58d4e52fad643b840d9056d6f28b5f48d7c8587ff830a712a9cda4622a8e902d5acd72ada9b3534d1c6b91986ad5bea9ebbdf88ea864722a85942fef66601d86575e36367ebb2053c7c6c76d66a0be1d4259a71436316437123680caf8b369c146672eff0bfb30e1e085e18c994da889a1908a25faa3132892aee55fbeb8a4c3fea775be69fd970a5f08906638a1989aca6a7a7dd921541ba00554b0e66c334dd410ad61c542e528d851033bd6257f8e0966070f289b2a4f3adddc4af2607c3e7671dcd1e2b3f7e66e50485274c3bf6f4b258c380a280497ebdac2f791c2fb47db60de9e447c868cdeb2d944bde6e7cc6660598b0ccd224a72dc9714d29d77e169341067b7d9a97d8d36663666069cd91bb25f778c17d1585c446f6bf9246f4a9cc313119da6a124aba56284db2107599c8d4ddc6422e3165b933114188088aeb5eb3eeb7ca90d8f693037138b27175363d9b75ac50b56854bcb96524823bbeff3a7622f39750eed8638a215d9b65b535df3b5a0a95ecaaa62f15015b3d94b85277aaa3755c041f2b7b1787bb1c0e752632384542540544273d1389bc669daa0ee17cb35d7aeb96ed90b86ddb119d34ffce27de851f97df297bde6236e663ce3dcb691c554232466552f5b6ac3a21d41b9ebb53f9d9b7ff19e6a46c68c56f269fa5945385c16362b97cc6cec085a5fd7ce9fd8b2905c53d3a3a7ba5d7290b010d29214d1fccbcbdf183b878c1b3b1222cbbeb2998bc5d48c0e112a57e78a4f1710bd75ec04c98b5f8b607c2c456ce046fec392272b63ed839454260ef9af174d545c46b5f9867521d1e41ec74e0ab9b0b2c8dcbd54c2482a9f9e8c3f6dcb26868dcbc434f69627580d670b6c4909520a380c4bddc4b9002117526100f395950ee956b138a8e28562aa96961c308b600c4972538a58031d94e802f55ab9ea62c9e342ba96bd34ce4e0451ba462883f31eb0f90f95f5509bb1a28fe396e3726ae9ac525e142f52a4b4bb703eb18ad62e8db39390f113738d20f59bb945b7c33232b3a98da6ff8d8df065b309a988c93e18556c48888bda224048a1839b9a98f7abbd765cde901b1cd81f95592411f2159d0e65fa1e9dfea9bfc4bbd7aa70dc89419f27fde882da22a6420ad1da66e6a7d55e111192f1eb365fd95924a6eafd1dd402e23ab21947d3bd2c8839fc71016252b5fb74c15a02666681d5b3af082085c8eae25b9b9bf3df94a8b66cc171f1549b98b598a47bd5e31060d97bacad46592d771e8ff08d6dd846b1f9714513337357303854f64fe7dd3574f530a746b545b179077aba28dcb5341ff60f41e31c567ba2e71954fc91ba6715675f1d19bf6f977632f3c4549951beec80bbe3a0be67f2869a1434a56164afaf8dd99c292d9e7398a141953016675f15412c5eca9f17532384c21bfca835a50a42d2be23b068c29ff27b9ae1624630bb70896fac67d6be5ea98486587ede7e773aab198658ad06498d14ac71f25721498ae41306201437f667c0e09f4f978bb31341bcb193b911bfb97cdf6a1796cf224d61e4a2e3f6e653249f60274ec876941988c6bb65e3ec24445de3fb1842c9c1b6a1c710eacbbce9b1aa4ec6672f3a300d51a38b0bea1f171da8720564c44c8dd4c1b6c1f67189064aaa87cbbd31b77620ec0720a49e420a48fc6502d725a1f3ee2ffb9ae1206568b8076f8d0d32f697c2c7b0402f314dc73bbc5823cfccaeadf68e9fa5496eeb0988084c3115acce85075e26a05a30ecb15745b15e33114bd8a31f01513e9df5a3d1588dda86555ee71ca5324804cb81552564ff7ab56f0e6175943ceb9a34a8b768affa22d990bc81d8386ba886f8ce355ad079644c65d8c18b9b7817757920ead45678f7b8530ff88bb883aea86384e5ace27755c6c8d9cebcb900b7eb0de4941b5d4ce6adb62426df32096e529893267f9219c646f652afbe598ab07ceb91edaad65e588964255763cec1d629088e5987250619c081e308a442d4bf93a42a090dc0b4f4e607394bd320ce283061817adf55f5dabd213c523a09a76d426c165f0b33d2c7a3b314b79ad02357a4598754fbfe922fdb4a4ec69e584a72218128a0f8d6ee953908d48d47f7ac36c95fe30e543eb8566dc486cc76d9fea051bc150debe74e83588a1ad1fa12cd1599c70d3be11bd767543199486161a12234b0a9652258d45ae5c5e3512ad48921cf3f872a2a738d21c442f39a44d5dc5396bbc6c27d68639a52bb0767ec1c747753af845e445e6bd23e3800b33a91a72893c8b1cbed2b2923c6c91885db9778c99dedb8c7c39a6d3bcbae8c26a006ac87307386a32d9ce5fd2bc668687ee4f67d790a48617c7591da22aa8e5c919719b13d8de5f6d5c92a3647619c5244d27e1a35ef60c544221139d3406d2547ce309417b7695e895dc5a41732ca87e3108575c1ed0e6b8eabd5ae49486dcff7fda06aabbd89d0ad3320118c85c668d5a21b368c7ea8e0dec8209130064f0f30eb7620da6aa1da7cd274d13ba940c092646018b175bb6a7361fb4c1278a417d950ef0c4c2628e7777e187b4b2c535c4acef99c10f3ae3023ded850ec2ef57a580a6fda88dea80c77018f7fee1c129266b5370d7566e71236fd8199c346dcc2395e7f7127d45c74344d68fb712b52644f8345a6998d82d85c255dba98bc9951c304f384f47c35afe6775991e772708649a6c373f508bef990818947c6a47b1d12aaa813737bcc2572c3aacf0b30dca0d3c3e66cc7978206fd27c6b8e9cfadc7b3b53c56c96e46660a93fdb4d5fbb46437c5e3a08cb73785f6f803f6e8851d8f76d51f367bc706e19d34bcab86106daf5d67a76bcf271e371955e41f07a8e00da7f0f7faf1f0aa22d18bc809267bd81875d9dbb6cbd3ba282b9cdb2b76eeef6cb756ad7a5eb55a76dd4b054d0415fe9ed239dbbdd238343995db1319525d25893c172fde14fa5da840038c40ec8e5a2ca6cb90ca02a94c6be3f1a4f13da473760c8d01669a258dc8fc7696ea2586c16fcdfbb4102fc6509dd72f7f69fa1553c39a4d26f0f4dc3cdbbbc7b2d4e706aa8085ca553519ae35a7ddceae9fbb37697f7f2574668781e930625ead3c1d4db0c946664fcdce108f79ed55efb6d5ebb3a82798657db54bade6588b766f92ee0f10524a854e189d6113f727c4d4c79170c3a502cada796802cbb67d1c83fbac82b8f9165f452ae89d99774cfb234bd760bf47ad6ef0dd19261e7e8f946901f93d02e330087b7969c11f9816e944986213d6e9d2e22f62f0e1bf313b9192b56ad100a25f8cbdf026b0f02494e6627fba37d9bd6e0f7f1915bcddfab018822aef76b53082f378357e8fef132beb4de4b2370fa23a6fd2b2dc72ac5c76c11b52ff41a9c181083beb9201d5427ed22f4b0f1a5364ebddc57ffe4f4013c26ccf1eaf5ad528c2066105d02a135f48a1499acede7f3c3ae0ead6e2c23a34ba68c86bf42e1941f64cafa604d9ffbc201d22ea717b56db6f1d4f8d0e05cba4d486df8c7c04ef52ef1ca76841ff07a31a914a16d4fb3e352f01f2393b6956893cabdfd62c03378b3fc6db5d0505241693c1c17f45c2d6526c324641138e16f352f6f6fe63513d76d8bb078e822920b4594beebafa75155dae9daa6e39ba644c431ab64b09b3fe2c8f1de6cb88243bfee01f90ea03ac93a98a540b53be93aec11c6253ede0f16994f68352db2b2078d322db4b6ef707565b44973d2b28f8968a7bfceb2a607f678a1e29e2ef8fd36f11fc17fd8bfe45ffc4f4ff01a22ea16de2b5b4920000000049454e44ae426082);
INSERT INTO `events` (`event_id`, `event_name`, `event_date`, `activity_1`, `activity_2`, `activity_3`, `activity_4`, `activity_5`, `image`) VALUES
(3, 'School Fair', '2023-05-20 00:00:00', 'Art exhibition', 'Music performance', 'Science fair', 'Sports competition', 'Dance show', 0x89504e470d0a1a0a0000000d49484452000000e1000000e00803000000c231f1ed00000153504c5445ffffff800000ffdf00daa5207d0000750000730000780000ffdd00770000ffe200ffe000ffe300d89f00e0af1bffe700deab219d480094350a6e0000f2e9e9fcf8f8f8f2f2d6bcbcdaa51ed7a021e4d3d3d8a100efe4e4dac2c2e2cfcfe9dadac9a7a7b27f7fc39c9ca96d6dd1b3b3be9393c097979d55558d2f2fb48282a15e5e933f3fae7878984a4ab98b8b974848851515881f1f8b2929a66767f9f1e2fff4bb903838ffe868ffea7cffe65cffee96edd4a4f2e1c0861a1afffcedfff8d4fff6c8dfb149e8c888fff0a6eed8adffe232fffbe5ffec8af3cd00881b00e9bf00e2ba64fff9dcffe44be5c178e5b718c78f00b26b16bf8300a95d13b57400fff4bff5e9d1e3bc6aeed6a9e9cc91ab6114af6a00a15111a14f00dfb24ed3a95ca15645c38f4693320c8c1700c1907e953b1cab6d5bc08a66ddc0aff4d668eac12ba45939e6c795e1c5a1f0ce58f7e29ab3764b490e1cba0000200049444154789ced7dfb7fda48966fc9ae929031c61d4980410201c298a73138382f3befc479a73389d3e9ee64efedd9997b777676f7feff3fdd3af59284c196c04e663e9f393f2432c6527debbc4f9d2a21f42ffa172523c7f3fda28d6ac3dddd16aaed06c5aa5bf8d163ba521a9a9ddda9d540a8a16b0ef2ad71ab4f888647fb9ee7fdf322b58bc3011ed701404377e8bf7b43845cbd4b7f34e84fe61e056e79059d68c10f1ee972e41bfaa0e8ba4dfd98fea0b5e1a39a476103c24e0ba1820e9f596534243efcb23b18167fe0705351c16f13fa5f95f4e1a71ea1b88c91fc254308e4ea13fa6fd345357d083f57ad41edfb8f7509b21be3f1eec4aad24b7d0c1ff8846adfc0ecc8df4b84655d7ea41dc0bf7bedef3cd2e5a833b67cd0bb26b0654c40f98a16d5321b93639f7dc3d605124fdf157f54b76cfa177be15daac5f2f71b720a725a4364ef93aafaa0afc340fb06fb65ddd40dcacc1061a04bfb52b57cd4c0eacf8a06694eb0ff7d069d820a13dd2a0067eaf013300ff980c1d75cfe05a781c9441a1804e6551916a35dd595cbf0ad1edc0e37bfdbd09392d3b4e03f039811305d2b935e8f58135b7d63ac574384435d71bb894d575ed7748dfd5fb44261f8f1e4338d2a5bc0b92688e6844b26397028530d35faa2ee8708fbbafabc15b2939a5e2ebcb60e4cf476d18f277b882d7e01060315c9a4ab4d2c0f3e19eb08f48d063135c610503885b01d0ae620bcac114ddc561fc07f1837be03860bc9761b86c158e058c014c7c4d4ad05ec93a60e1eae4ea6c86786a441e7a0407f62c4e073c29aba1c9a437e51253013ae39f68d1fcac7227641dfb81a31d34979c3a52f10a606a17db31d58bda257b78aa8d0d32d08040abbbaee899b281749698f0847b14bc05d364166778d1fc64777a433852b82205256b02107c2cf518e560937887bbd4e30ac0f03fa2507887e54f08a7e5d2862478503d4501171318550c8268cf79ef563a201d0baaec9a6b7a183851f7361d5b9efa63a17584986366c63ace23522c23b97c0dc35b91094ad1f12cf35015bc13498ebeb4390d9f6d92ff675c03eb4ba68983431b215024da86413f4d1e6711f727f846fac616e2e5b844b585b6fa126174f9fec16dbb81e7367859ae7373acd49bbb74769badf6df65b7eb16acfde167598cba15e11c4b369683e753df25b63efdcd7af911ceaa6d905267c0063dddbe56670d73a1e865255f01acda9619a8661e03819f453f3b8db2abad11b8fc0ead818ac964d13af213e96694947b726d70f2c4a1a939d807043e86063c203b696e24cb9d1d50820d31613456a1afb11796e6af589750c53c4b4b06a09ce5167ea04daf709c945c45c936e9d3fd5358da8bab87e9b0efd226c3330a74321d78e17b03bda4c523de52b81d543ab7efdf86a63d368316569b1d24455172ebc1a1acef2704492a20b51d2298a66f96d934d6554576b0437b498505f0775dac658277578304f5a0732aaf4f860dc213653a253280d632284d29eeafab9678f689450b3aed5ff336f3d1a7a635defd65001925be4ea38f28d604a968427409ada90cf546d7f164a9fd545b07ede045f191558ece2d2c4a6baafebbdaa67b184dec0229874ebc6e5c279f917c88033720689a7835985692d5c97a4d60c8399bc5d284fd426ba3ed8dba73f760eb88d28b793b00fff7af997b07970bec0e8600216b6062e035f934d6d354490c115d0aeeb86e95317cf3eabf6128927fe69cb4cf235e6ec63d4252d795933adebaa3c06d63ec366f129765a98c720a89c0c9fa619efdffd91f09bf15a4da0ab5a958d49abe15c39382e890d1e57f896d0118769849b483e1991d3773f27fdae310a3955304da996ce48bf8e94b12f6edab15820badf0b7fe5f4939b4ffc477e6bc748fa6dcdecf1f8cfabeef1ca38d01ee16eff6ac3d4b6ca5227cc1f1574a514411adf6e7cc86f6dff91fcfb58678573bb27e30a48a845ec14446679652afa23223c021ab0682db0b805b57b490c872272bab9554a2ca60c2366a2ea1fc81936c7fbfcaa6b1e5fe5b25501ebbeb83c30a996178f990636d2f977fc22bfb1b5fe3eb998b259e9322fccd5b043c628c0057ee55da945750d199db9347de786c79ea61b2b082945b8fd22dd5f6143a91c5b7e4455d3a557f8aacd69599755a2769fff1fa48e3fc9cb0d4098c0e9cffc1d7f62a7433063650def8aab2bb5aa455d94a6bb3efbaf49528e53d35ee4d728c2524a31a5641c001e17cb49a663e156b6bf7a8523084b7dbece14c06591b67d907a981afec010a61653f8531374c41989a8dc142b4045d36a9d1b723a6a59d681b258431d170b81014ff1d2e67f40e6cb0d8e30b598526215218721b4b158b86ae8c41bacb6461eecb9ae1ffee89b96b5cf16e6d34ba8c68494215c424c291932c376b0ce132b1a1853a9d55659c32918b39f94d924f69702883f0a84ebdbcbfcb986c730b9d5fab1c9839aaec984d6315648a61a9db91fb7976101175281f04f4ba5c99895301abc5ce24c4d11f6378ce53dff646ee1a7b71c404da32ce4084b1f96bb0536c0821679c5914c021eca7557c8a5fa618142e5d5ce78d92acc4785704931a56482d2d90eaa1ad0e9d06a0775e4582be4c34198a7f86251d63958b60e63bedb08112e27a694989b688c4d1e449ad6aa190626ea0e1a2bca2c0f900ba940b8ac984a8875be46eee9abacd90c1c760b22dd4d8f454ecb8a2815d2df22089717530a1184922f0339ab94dd02ce7fea53b9b5b199e3e82dcf412ea40ae1ef2bdc094cc2f1ac78a6f58ab665f0a6a5223135dfa1a11ac8437b855a28decc4610ae20a6f45636b8fd2a2af623239ea614d86ac1d3c81826cb1ee8baa5338e36571915175289701531d5f0c88132830e699ca40619a76422a5894e587454dbad3758a8962a9d9f21f3dd661ce10a62aa612860d4c2a563e4f6081ea4c9a4aa227237482fd4654f5f01a06670215508571253cd88274d2d5d6f179096c2ee1c882503a7ad9bd296daab705009a942b85e5a697d034ad1926a07841573bcfdc40003d36a8bf9f04dd2aeb1146c05470823dada9c41b89298529fa144b4ae93090b501d2b3113aba8d6b33a3cacb5a7060bfb262b8d4733b2d9591e7e5c454ca954c0f8ca881ac491cfeb8ae574f1a93792c5b55e93b175b5e1fc2a843444b85e5a11216418436c4266dc8752a73dd25306a801d1985705a7632f95108664482165759ad255882957c5315f863ae80675d34cdf58e4e37d21ed7bab0d463332145c26930184954a8e52a5b2fd71c59b12eaae6b0255d7d20d6064920aa3bbdb1a76eafd7eb3dbeeb6b1de044fd85a49a030265ff3b7efdcbc7f229fe11cdebbfbf6612ef562ffcc7d61354a066b05ce8b2041d5a6671aba248259dfa0bb828c6283ecb5aa7c6a9fdd7ff0e0d3937b676787fce79adf5e09e4f9b645777a7964131866af5cb0ed4284dfcbcb2836f7596bfbb3c7cfdf809466321b5b39460fdfde3d837b7bcd042be38b88c4dd43adab27583bad22bb6bd563e2ec2f6b470d0c5d0776d0fc2aed4c187997401ddb0db013c178d9ee063c880cb3dcd6f571d14e14bb95c756e47bce923515f31874a2312506a99c43c8ade90dc3d43a7412ca5d7d398ca6e25875a01bd32409bf607b111b4a659b4b3ddc3828c2523feb8b3233d9b9084b604db1dea6d6c2ed2ec74728245123e34d6964aa2dc014a3a2ea61d98505429893da3266061b3ea8051f35fe9a5f9b8f902f07f3d68bf278a9323144941a26faa08c7c5efb742e4c14dbc6aeac3d3a7dcb843f5f26ad8740b1b62fb962e436a308a92bac48a77f038b09c1d035bd4c2f9559808219df336532f361ef2d42876069d0247a57ba98226b9d4bcf420c75f67ea8594c48a9b77f7a74ebcee3c777efde7df4f65b89fafc5229b21c6c4e5d9acaa4b76998f549f10137c0e707da45c15bd12d340e743262092f72418dd37b0ad81ae3455a2ef14ff9cc9be70f4ee28f72ceeebeca55225d0b18d6d1d32f49328f2121612718e9647ad9027f7540089954f9df79a967158a739308e30dfddf1e03ba679fee3c3f7a037af8f0f3a3bbf70ee151f7debe884032463564a74ed2a2fb87265404fb36bab46273506b1cebfa681c2cc1428c5d540e19488d884f95e3f5e3db20a65c0f4bdc17e6be31971f447a8d30747874d31a1cd5c9d7c0a659bf780943f4a741aa5cedb29d00d5942cc4c785e8ca9bb947ad71e1f95a668e2d2d812a3ea2ac2c0f428c901e34d33e1334b1eeb60c620e05be450d9a2eaf0288164f667bf7d3b1108f9dc8000dad082ee343c492c6bdc53a65e6ffa24fabeea9bf8129aaa78408e6b461c9c65e0495c605723a246d0f421881d74eed0bf194ce8914320c7b31aa3da29f6e2c4448fdc5cf3a38c3400936365cd44a0791f94443d54ebd0921f3570591a1e93a6eb4222c4e17ce4036a396168d4101d954fef08dfcda0508a9d3c7e65e0d39ca3801c44e3a88a04f43be36e60e298851e778be90d650b54988a9fc2172523d08eab4030990ec421f2a8666c4cd1984e0ef4b21135f80a3e8441c0518ab74b5674344a78e4f8337b349c75f589c093bd41f5246165847be9fea39b8a03888b532aaf1288c2821a5c6f40df5f95fbebcfdfcb0020e5f88290033b0173a0a4cefd44dd519060e701a4c88aeef5f94014bd89491baa9b1bdca691e436aa82f01d221063ca611429a59bbfdf875f46127f71ead3390b26b01f6ac4f25c483946e0aea190d9d682db5a21fcc6162cddaf3152335d8f498cace983ef2c5f7c1a276c4b5f19e22ccdcfe04b7bd7ff3f9d1ed37df3ebf7df4cb19c400878f2ab9926aae3127a116e376ba023486230ca2b96f615e2235c1f5f0531b52cb4e8a69c4135415557f484b95c121a7d9cc2d0ae7feada7dce583c70787bffef6097dc493f59c6aae31a6b0bf565c775031cdfc428fbb32a6b5dda94efae711ea8aaf0e6531389434000fa81312973197f122ff9cdee94ee8f3d5ba4589fbfb7b61730d3e70d4fa1df1503d8515306564ea14fbd498eabd0e3e07d00bdb2e6cc2fa56d3c4335409c5d84087c2844bffdfcfd0c9ad4ccc9646fc7dee150ddc1ea90d0a781ceaa2e1a0e3e4538ca93176f6ab8d7d8ace680654c5dc738ae847fac31c1e08a9075f4a54a80222ae0bd465c8cfa175f94e14dfac3f2ce55e5179514f00413d10976d54d62f7fb29a043ae02e85b7375c983a150f223f0c59e62ce9c61f7fdcb898fe40853ff3ab3f57d1bfbf901fffc545afd7e200673dfe7a25f704397ffd49d08dff83dc1be2f2ff22f5f122fafa55a4d01ab42a067bc1454b338e15d1cd8e07fd7f9285bf9ebe5b2f6d5f40955fd02b71f5053da9c84f1f22f4cbcb8db559843995e20b36fe0742cff382369fa39be272039de42fa6cce98eec7284d2a97d49adb465f51483615da7a1141dbf78993fdddad9595f40a5757496e357afd0614e8c3ef70aa1cfb99db00895c9bcb9f5f8e6a77bf79e7cf95c920e9fd2bb8db513f458b23af3001d89cbe7e8f9da02ca6e6c9cbe2badff1a8e11daa3b44bbabffa3a19b7aa05e494d96ad32092a5930ff9cdece9bb052073f7d0b71267c7097a28465ef986d0b70afd6c43c03b7a107dd8e197753115259882d721c4358424d81334071cc0dba4f076d677fe88585b7005c3cb4afade582740163402a09825357ecae43760dee6802c3d942ca432fa25a73e440f2b8c459b10d23c469007df7aba96ddaaac7ffe3be4be67af00e3ce2920ccdc0f2dd22d743323af1ecfe71e8c62fb636c732af4829771d58dacedcfc3586bb50f463d560d9ef115186fe5b3fcf6eb33204316ae2b19a5978c83eb1c02c5f7fad69af0f82cf7cdbdba47313ecced48457da68493a27daa9838638837a424954abfc7dd25f80b64585658e81fc5a169133f0eb631eb6fc96f9b1bd1393caf850a2abd3c449f2bd2921cd190e68d1caaf2f8b9751ad4dcdd529608495c6b4fd1fd8cd4c45b51786beac9dbef5fcc384ba688be30a64ed96f6a7a8c89454b36133b1e7795e7837be3c5693ea60702cc5df4b91497d6f5dc2fe8891457ea0dd051c88ac81a706ee710dd5786e80d7a26be95b989de48d8af33f2916ba1b12b6dff7c3ede8193012032adf9fd31ac9b197a4c2b8790f6166b0e7477f19dd47342264cdee7b3a1b2bfe420a975e1a24959f84ac8e8b7505c7367e830ea326235efdce39073993b4a15151329d6a7ec619997115b5e5abf31677410b815b5a9098b82d37e504385588f7b1b38ba6fb1a3c786d0d2307f59dbfc9a51f9ac004939f7a4a2b4500cfc509a54b8bc97db090b1999ec16ab0573157d97bd1581f84c19d14f92896fd0e32c8317d1fbed0f73f7a1c23a028d370f9a7e795efacb1735a62de650a050e3cd0f7b317e19294ab0c9bd2b94af7217bdad4893fa44623da397f4d77ce06b478fef3f3b3c3cbbfb8dbbc3ed8db5cc1be51c289c078a89dc9c66d74e4e5e6ec72c5b69fb4f0b86c68adf0b3d224738e66d29e379864612758dd130251c43ce7172c22b3a426ed7a90ede63975b9b14cb03b8fb095fffa569d33a8f068ee6e85fe635124272573958c1c09d451b3499a9893528b622a6c63df0e1900a9e7194c1df2fae4119374ea3b5a5a7528e5ea1bb82856fd5d567a98fd429507cf79f3f0529ad7cbb4bd3a65f725c76338f95ff7baa98780bdde23a40ef9a8b02fcb8f8840618bdc464978b8d6674fdc2638bf6d3b1efd1af0460752e282260a3920fd7039f831f0371fd84842da0aac743b25205a175c1cccf083d600e91f9439a361da213e9f59e29d63de04a99ddc852b3bcc36f7118222c957eba2067044f184c8abbfdb626da1022c674d80a86dd6342e8a7e6f40052fd0b5333f2db862a2f3d106a943979c60d1e989e9c94d1479c99b947ca63c8556eea64a48d79aae4941a16ee70a9fe0a032d2f8081ef2fdcea0e4dee651d30e08349c7f76ad18450843ab5e2eee440877580c2c5d9aff1421a1c00268d030f39282eae3aa5929cffdc5be4eccc745fee9cde963686cae99162270f5a725f84e7a1f64bbaa0794e3036a8009a4e77bd9a53e6d97c6dc1ae2f07a29dda25f93db846ce46a944cff92829734f0e9980c1e04428f00a39eb25e132044288d66ea313c13bce44fab777041eea51b92e973ea3bfe7b88999e704630881650c94cd97d7dcc82a5bb71f3974832daa5d5a23317f62aef1486438540db3a1e9e17c704e72521d81abdc740a84d005467dbc989ec7e84d96c5640fd12f15f1373c3ea25ef65e8e39c10b0f8161b31e26b8bce6e447ba314db3195fcb082eaf0261fc8e1a9c3be8b690af13154b1e715d92c695f292671cdb9b0a61493a85a7725678d09253827d88c4057c52dafe3dc180c2b6b6e6c0464e1059bd70c86c14b0d01d4649ff98cfde94baa4022d617ab2d9c7e86f10d785e690a9224328831c700f2c6c3874049e3361876908c8cd3040ddde998db3e7220c85b24063376a37437f5838b72c3c4c54e6a2ae519ad22c3534c2f40866d28b3588d0a9d110b10e03060855ca44a763032cb0b24e15e9e1733254a250b77f4bd835158edf9e685a3b22966ecfb655b853807a7e3fd92db17e7822edfc1dc94ce1b5b3a06410973c43a147e33cdce600a92c1fa147391e2470bf422fdece5c3c41ff99b0707a6e2b614835d1a6379a0edafce8d0a4cb6aa470c863f1db3293cbcabcfcb6b04159f4e954c5965b9b80104c0e13ceed1c3728256561bea12f15617f05e6bf275ea685237b62716978ca4b75af3e69f7a6230cee926d034abaf44350d560aef1b9b0382133e527b7e9070ccd0e7312f92d2aab2af9920625c72d2698ce27122a846b34ceaea7180c750243c72950b26dd7ad355550e3c9f312905370bbe03706896fea992c167f1ee63bcf2542fec92d8654e478d4656cbdcb6faa5208d532815038879208883857699c6df613b79893021c5b65b25a130fdb940b0ca28bc236f8c3a4824150d160aef1b90cc194b8de119fdc91d839c8d2bb6811846a19cb157327dcde9622ccfc05ba88316ea6501908dbc6fb836e6fbfd96cf6eb3dc5c380cc3665266df5222c36c0784bf1703142c098cfbcac8405900842e151a86b11087728427082291156592c1af80c85af10fa963573b056721e5699a1d3fffd122995a665e7e5d6693eb43cf3a4b422a4f4bf589c8dd349293bab8ba747d4abfbca963ab3674b25d7435e75a433fd1f9bc2890b4b734b84d32cae832087c1daa29626b3a12c8fb034a170468cea90372e76925b1a65483d7e4c4268698643344349b7e199051ea3d388a92eca54d25b28a38a6e6637546d6e6d738bb9430a19404a6fa102ed57dc5b9476fe2a7c328da713ab8c8accf87ab0176e10f6adbd99fd894905c3740bbc6475406fc2ca542a7c5b439fe022bbf6ec441591a9a3a0fe50245220b6ffcd3387ca23e9df1fb17c64fb83d111b36cf88997f44938febe351a8c48d873e2b73b642af116a0a89a30a6815a3a0f380c768e04758d34c51351db6b94610983caf0a837dce4519baabddd442c6d56516805c23728365160bc4f823e21d9506208518746a6e350f5a04eea9b62e989bda2a09e14a11c08715c9395a9b29f64ed8c1a51eef754a1785b9e38b02e57a4d07d160d6c398761e4cde26c9ab0f3a9335d27f1827e4c0cddf36b8981b6dfdd3fc0cc4db61222c44321d066998d88c6e2b7c05d809afd4d386f1a56f30a3f4b103942be498806de606fb3d937e87f9893a416e7acf211e26c3e6370e34bb3713516a8115e78247f4083368235b6a12b69af10b530bbecab9499ccc360639b66192c7e013b59e21e80c920974d8e906717b744944ed3e735be28412d0e2f361d402801344e92abf2b10c189b3abb7ee0956b362c81c65a4e6a7bd6886d6da982612d26ee8310e5003c115035cb3de1d92cb51a2a6138a4591fb72fb28a719aa58e450a34430a2b2f7745a702f5825c51a81b4a96c9b121c0193a6abf8f81c31396edbedbd489dc62015ea59cb40fc3b48531c5723d0eb764ad2587448d98a68887b90ab72e6aed29f35416dbc222fe1a7279538e11a0637ee1278e3ed8f9949d46d52bfabbc36677308e9c92e9e844e79b468b93de88bda421a9761b4534e250cb4840fd8bf0de004cd615efa28200a1aa896f914c476eab42f011fa1f7e13628b11982e4a3c1450af58e4d20e7329038bc0b4b6db37a1a093789f0cae0bcf42630f1e3fe28f67aa0e7c281714a160fa585684a19166fd0c29c6a9c56cea60f23f316dee494b8093b7f5b013c1629a174916b5489da6cc3a1a46096f4b872075560670342e910b330f9128bbacbf7bfa1aa19b476b992c747c3d3a836628ee32a841950d096fd0cd0dd621458554e8e32479ef193b1b6b7f5ecb1e9a390bd5640c4e7a5f52135da8a6c75407dfd8a6ac134ca4c6862f5c94289223684e3cb97fc6bbf41fe64aac89217347c968e63e5acb9e82509a724320859a78ae59d0a65996d1ebfbfca8f045dbd8d85945490d1818163e1bd4718064e18fa5d2e77031f82e8328da11d69e7f7a7672e21cde7b5b61b8a975cd3c47cf647275040d19f91b18245e841c24b137d43488d10aed42add89a1cd06469dcec4f1720841edbc44e086e2cbe4b2d17f404f3c84496d7a8bba79ee265d8450b529a932ba4a76b8fd18904c8db4c36a998d2244168613771ec01df8daa60cdd7ccc80949a269d8a915779b53b66b2df9d4919a1c4e9dba442aa4bc1343b63dc10accb770a92ab6ca5dc9dd47afe52f323759eebc714aa80f1476864a7e7283105bd4ae4e0cd3f0a23f7b7ebdadf1ea86c572a9c44744286b0abb024cfc5b89eb9f9453589689b403c53a1562bf39124949fe86eeaaa5af140d9246e438d75dac5bfb312d2c586c51aad76fc002225bdd48de856c209b4f070d441afa8eace37e5110fff60c21b5ab44fac34aee3335399f95fcaa0067f3435deeac361a29fabdd519b55e9742e9ccf60b99cda01c5f024f9a5d304f2b2a29c4457fd916fc39e4b55ea8e56fb02ee19b6f32dc1fc20269eee15dfad1934a452552ca3d664f1db9b667a0428ad34604fb345ddf9f6344cfafb4253735f4dec2b6e33db5625b2a9da0b7399932ad656e81ab78f0f8e8cd9b87af3e7fb947e139bff0ce36e9f5554bd403c9389ade2736e93c2a456d62eced5ed08259280efbfd06e76f8a53142813e59876c3c6366a6d808bb23991ba8afbe1934e9e7c93dd8990485111558dc4b7d49647e3b285da9941c0a195981cb441d7c0749eebe363bbf2a8a1e1672127376210d788f9c07f7ea61abf4aeb0eba1b6da559637b2c9f3f62fb2bc3e6cb9d9734308d744d21f45278fb469a3d3be2b44f647b7ebf67589636e8cdeeea6eeaa6d9f5abae5be487c8272d64c05886a8c373a8dfb6433f01827af6ee5c076d25176ba0e58d51b7557be9097a93676b69f838d57608d647122e2f95830e99d990d0d7355f5eb3be9bcb9781231368f3628ab103b9a06c2d28518b1a6d693be70fd9771e1ea267b22d0a94f04e26cf8e1f2265d5d59e0420b324b120c68f2ffadad1d7fab04a6a9a4d4f34622bd3f9c67f6c43d3debd10e22dd9641222dc8ee18380e0de3bd94ac67b6b36404ca1393ec508983774ad76b0b029aa187b85030b7792568581cc22c829fe799bb9420971e76536fb80fa89a799b908a9367e71d0c92ba5ac14208bc2f32fd8068e34bbaed8366e1f7a4df65af34f6e0ba27b4c06ccd6a4f1179a5140636c80bb07d93ce310593bc26dea271e1c65327184e0141f3ea192f225a79a18284011d67c30a86b4db3bb93afe1f7ecda6e8f10d39c0436726780d622716b871fb797c6db822b2c987f6c4bf53bab84ae8e37b4dd846d41508da9b04dc0a5cfbfd090e6f06d8ecf053431d0c0541493375e5a8128ea279d60e61998d3777c3ca201daf1b9177da8a3c08a632296f5d388a966f491f755063477d1c94ec451505fc836ae3dfbf4f8cef3b75feede3b0399729e3c544e83063e6baf79919c456e75b58b2a19312115db7e825de4fa03f3600620f2ac46ad56f59b8649e48121a9c41476a93f51a1e8a368c8c9411e3d0e4fe04187f7be3c8cf8443a296f223b1268b25f48b77b9549609fbb07dea1e09d3f5c36d02dd6a23155415dca434d4835126d7f43b239238292bafc377f6dffbf87ebb95c14deb956e9a769cf4ee3799206b6c4ebb0534825dc1839c1b0df8aedab49b90df8ab8ab669fe54ba7fde1766f3ef6047d31f3b518f21363f1d863ded50664c35b7c2dd6b56bb80827dc2aa4e890e3a495e35e513f9be72a220d2f49dfac2d76fa21837f21f599082f1c7ed28be876788725f35d95080b7f3a94ec9e2419883dc3e8ba9817bee829323ca8ddd988d4db54df6c57669fd047de1c6913971d866a1e2b1b5fca9eabd337e17815b89e3bb57aac8620e003c5adb78976672f91e8b7d4ded422f07e2f5c3b334a01ed38a2652696c0dfe759be6b587bcaf9bef05caacdda406f416f385f75703fa00000bb949444154d97c25720406d6de6f339ff8f98c6d2ce145723802e5364f14375300e4ceb0684dbab292b86f597377ccd4096ed43c8da3e740532034de9778eb3af5856a3f17c3886e1e65d7325f63e61f93df729557b05156e2638ccf3c17a5fefc6f29d20a2677388669fe794a2316b8f273d86dc2fe20c5416d2f94bb771ebe8ca64cb7202f7c1634f74c022f09a464127230617968b8c18b47799f64e92d8598b263db5055c89eb3dbad2f4c818fb99fe87850eae0ad8bc91d06fe9374f76f67f78d66366ef103db0a6ed52b069ee7f2f0b8fc5fdb719f484daa6c6a5fcb272fd0b0618b7d6b65d6d7b5e8f8963e47e88d355d1fb7784c90b8a66e7c9063adac3fa3f95004233531844cfbbe5713930bafb4acf74cd3fcba1d02ac5468aef536fca3c462ca777075f8eb1875b2eb56a78b4ac155880c821e8d5cfb65d99992bc8ea01c00abf386fbeab2f92d58d4e52fad643b840d9056d6f28b5f48d7c8587ff830a712a9cda4622a8e902d5acd72ada9b3534d1c6b91986ad5bea9ebbdf88ea864722a85942fef66601d86575e36367ebb2053c7c6c76d66a0be1d4259a71436316437123680caf8b369c146672eff0bfb30e1e085e18c994da889a1908a25faa3132892aee55fbeb8a4c3fea775be69fd970a5f08906638a1989aca6a7a7dd921541ba00554b0e66c334dd410ad61c542e528d851033bd6257f8e0966070f289b2a4f3adddc4af2607c3e7671dcd1e2b3f7e66e50485274c3bf6f4b258c380a280497ebdac2f791c2fb47db60de9e447c868cdeb2d944bde6e7cc6660598b0ccd224a72dc9714d29d77e169341067b7d9a97d8d36663666069cd91bb25f778c17d1585c446f6bf9246f4a9cc313119da6a124aba56284db2107599c8d4ddc6422e3165b933114188088aeb5eb3eeb7ca90d8f693037138b27175363d9b75ac50b56854bcb96524823bbeff3a7622f39750eed8638a215d9b65b535df3b5a0a95ecaaa62f15015b3d94b85277aaa3755c041f2b7b1787bb1c0e752632384542540544273d1389bc669daa0ee17cb35d7aeb96ed90b86ddb119d34ffce27de851f97df297bde6236e663ce3dcb691c554232466552f5b6ac3a21d41b9ebb53f9d9b7ff19e6a46c68c56f269fa5945385c16362b97cc6cec085a5fd7ce9fd8b2905c53d3a3a7ba5d7290b010d29214d1fccbcbdf183b878c1b3b1222cbbeb2998bc5d48c0e112a57e78a4f1710bd75ec04c98b5f8b607c2c456ce046fec392272b63ed839454260ef9af174d545c46b5f9867521d1e41ec74e0ab9b0b2c8dcbd54c2482a9f9e8c3f6dcb26868dcbc434f69627580d670b6c4909520a380c4bddc4b9002117526100f395950ee956b138a8e28562aa96961c308b600c4972538a58031d94e802f55ab9ea62c9e342ba96bd34ce4e0451ba462883f31eb0f90f95f5509bb1a28fe396e3726ae9ac525e142f52a4b4bb703eb18ad62e8db39390f113738d20f59bb945b7c33232b3a98da6ff8d8df065b309a988c93e18556c48888bda224048a1839b9a98f7abbd765cde901b1cd81f95592411f2159d0e65fa1e9dfea9bfc4bbd7aa70dc89419f27fde882da22a6420ad1da66e6a7d55e111192f1eb365fd95924a6eafd1dd402e23ab21947d3bd2c8839fc71016252b5fb74c15a02666681d5b3af082085c8eae25b9b9bf3df94a8b66cc171f1549b98b598a47bd5e31060d97bacad46592d771e8ff08d6dd846b1f9714513337357303854f64fe7dd3574f530a746b545b179077aba28dcb5341ff60f41e31c567ba2e71954fc91ba6715675f1d19bf6f977632f3c4549951beec80bbe3a0be67f2869a1434a56164afaf8dd99c292d9e7398a141953016675f15412c5eca9f17532384c21bfca835a50a42d2be23b068c29ff27b9ae1624630bb70896fac67d6be5ea98486587ede7e773aab198658ad06498d14ac71f25721498ae41306201437f667c0e09f4f978bb31341bcb193b911bfb97cdf6a1796cf224d61e4a2e3f6e653249f60274ec876941988c6bb65e3ec24445de3fb1842c9c1b6a1c710eacbbce9b1aa4ec6672f3a300d51a38b0bea1f171da8720564c44c8dd4c1b6c1f67189064aaa87cbbd31b77620ec0720a49e420a48fc6502d725a1f3ee2ffb9ae1206568b8076f8d0d32f697c2c7b0402f314dc73bbc5823cfccaeadf68e9fa5496eeb0988084c3115acce85075e26a05a30ecb15745b15e33114bd8a31f01513e9df5a3d1588dda86555ee71ca5324804cb81552564ff7ab56f0e6175943ceb9a34a8b768affa22d990bc81d8386ba886f8ce355ad079644c65d8c18b9b7817757920ead45678f7b8530ff88bb883aea86384e5ace27755c6c8d9cebcb900b7eb0de4941b5d4ce6adb62426df32096e529893267f9219c646f652afbe598ab07ceb91edaad65e588964255763cec1d629088e5987250619c081e308a442d4bf93a42a090dc0b4f4e607394bd320ce283061817adf55f5dabd213c523a09a76d426c165f0b33d2c7a3b314b79ad02357a4598754fbfe922fdb4a4ec69e584a72218128a0f8d6ee953908d48d47f7ac36c95fe30e543eb8566dc486cc76d9fea051bc150debe74e83588a1ad1fa12cd1599c70d3be11bd767543199486161a12234b0a9652258d45ae5c5e3512ad48921cf3f872a2a738d21c442f39a44d5dc5396bbc6c27d68639a52bb0767ec1c747753af845e445e6bd23e3800b33a91a72893c8b1cbed2b2923c6c91885db9778c99dedb8c7c39a6d3bcbae8c26a006ac87307386a32d9ce5fd2bc668687ee4f67d790a48617c7591da22aa8e5c919719b13d8de5f6d5c92a3647619c5244d27e1a35ef60c544221139d3406d2547ce309417b7695e895dc5a41732ca87e3108575c1ed0e6b8eabd5ae49486dcff7fda06aabbd89d0ad3320118c85c668d5a21b368c7ea8e0dec8209130064f0f30eb7620da6aa1da7cd274d13ba940c092646018b175bb6a7361fb4c1278a417d950ef0c4c2628e7777e187b4b2c535c4acef99c10f3ae3023ded850ec2ef57a580a6fda88dea80c77018f7fee1c129266b5370d7566e71236fd8199c346dcc2395e7f7127d45c74344d68fb712b52644f8345a6998d82d85c255dba98bc9951c304f384f47c35afe6775991e772708649a6c373f508bef990818947c6a47b1d12aaa813737bcc2572c3aacf0b30dca0d3c3e66cc7978206fd27c6b8e9cfadc7b3b53c56c96e46660a93fdb4d5fbb46437c5e3a08cb73785f6f803f6e8851d8f76d51f367bc706e19d34bcab86106daf5d67a76bcf271e371955e41f07a8e00da7f0f7faf1f0aa22d18bc809267bd81875d9dbb6cbd3ba282b9cdb2b76eeef6cb756ad7a5eb55a76dd4b054d0415fe9ed239dbbdd238343995db1319525d25893c172fde14fa5da840038c40ec8e5a2ca6cb90ca02a94c6be3f1a4f13da473760c8d01669a258dc8fc7696ea2586c16fcdfbb4102fc6509dd72f7f69fa1553c39a4d26f0f4dc3cdbbbc7b2d4e706aa8085ca553519ae35a7ddceae9fbb37697f7f2574668781e930625ead3c1d4db0c946664fcdce108f79ed55efb6d5ebb3a82798657db54bade6588b766f92ee0f10524a854e189d6113f727c4d4c79170c3a502cada796802cbb67d1c83fbac82b8f9165f452ae89d99774cfb234bd760bf47ad6ef0dd19261e7e8f946901f93d02e330087b7969c11f9816e944986213d6e9d2e22f62f0e1bf313b9192b56ad100a25f8cbdf026b0f02494e6627fba37d9bd6e0f7f1915bcddfab018822aef76b53082f378357e8fef132beb4de4b2370fa23a6fd2b2dc72ac5c76c11b52ff41a9c181083beb9201d5427ed22f4b0f1a5364ebddc57ffe4f4013c26ccf1eaf5ad528c2066105d02a135f48a1499acede7f3c3ae0ead6e2c23a34ba68c86bf42e1941f64cafa604d9ffbc201d22ea717b56db6f1d4f8d0e05cba4d486df8c7c04ef52ef1ca76841ff07a31a914a16d4fb3e352f01f2393b6956893cabdfd62c03378b3fc6db5d0505241693c1c17f45c2d6526c324641138e16f352f6f6fe63513d76d8bb078e822920b4594beebafa75155dae9daa6e39ba644c431ab64b09b3fe2c8f1de6cb88243bfee01f90ea03ac93a98a540b53be93aec11c6253ede0f16994f68352db2b2078d322db4b6ef707565b44973d2b28f8968a7bfceb2a607f678a1e29e2ef8fd36f11fc17fd8bfe45ffc4f4ff01a22ea16de2b5b4920000000049454e44ae426082),
(4, 'Graduation Ceremony', '2023-06-30 00:00:00', 'Diploma awarding', 'Speeches from guests', 'Musical performances', 'Cap and gown procession', 'Party', 0x89504e470d0a1a0a0000000d49484452000000e1000000e00803000000c231f1ed00000153504c5445ffffff800000ffdf00daa5207d0000750000730000780000ffdd00770000ffe200ffe000ffe300d89f00e0af1bffe700deab219d480094350a6e0000f2e9e9fcf8f8f8f2f2d6bcbcdaa51ed7a021e4d3d3d8a100efe4e4dac2c2e2cfcfe9dadac9a7a7b27f7fc39c9ca96d6dd1b3b3be9393c097979d55558d2f2fb48282a15e5e933f3fae7878984a4ab98b8b974848851515881f1f8b2929a66767f9f1e2fff4bb903838ffe868ffea7cffe65cffee96edd4a4f2e1c0861a1afffcedfff8d4fff6c8dfb149e8c888fff0a6eed8adffe232fffbe5ffec8af3cd00881b00e9bf00e2ba64fff9dcffe44be5c178e5b718c78f00b26b16bf8300a95d13b57400fff4bff5e9d1e3bc6aeed6a9e9cc91ab6114af6a00a15111a14f00dfb24ed3a95ca15645c38f4693320c8c1700c1907e953b1cab6d5bc08a66ddc0aff4d668eac12ba45939e6c795e1c5a1f0ce58f7e29ab3764b490e1cba0000200049444154789ced7dfb7fda48966fc9ae929031c61d4980410201c298a73138382f3befc479a73389d3e9ee64efedd9997b777676f7feff3fdd3af59284c196c04e663e9f393f2432c6527debbc4f9d2a21f42ffa172523c7f3fda28d6ac3dddd16aaed06c5aa5bf8d163ba521a9a9ddda9d540a8a16b0ef2ad71ab4f888647fb9ee7fdf322b58bc3011ed701404377e8bf7b43845cbd4b7f34e84fe61e056e79059d68c10f1ee972e41bfaa0e8ba4dfd98fea0b5e1a39a476103c24e0ba1820e9f596534243efcb23b18167fe0705351c16f13fa5f95f4e1a71ea1b88c91fc254308e4ea13fa6fd345357d083f57ad41edfb8f7509b21be3f1eec4aad24b7d0c1ff8846adfc0ecc8df4b84655d7ea41dc0bf7bedef3cd2e5a833b67cd0bb26b0654c40f98a16d5321b93639f7dc3d605124fdf157f54b76cfa177be15daac5f2f71b720a725a4364ef93aafaa0afc340fb06fb65ddd40dcacc1061a04bfb52b57cd4c0eacf8a06694eb0ff7d069d820a13dd2a0067eaf013300ff980c1d75cfe05a781c9441a1804e6551916a35dd595cbf0ad1edc0e37bfdbd09392d3b4e03f039811305d2b935e8f58135b7d63ac574384435d71bb894d575ed7748dfd5fb44261f8f1e4338d2a5bc0b92688e6844b26397028530d35faa2ee8708fbbafabc15b2939a5e2ebcb60e4cf476d18f277b882d7e01060315c9a4ab4d2c0f3e19eb08f48d063135c610503885b01d0ae620bcac114ddc561fc07f1837be03860bc9761b86c158e058c014c7c4d4ad05ec93a60e1eae4ea6c86786a441e7a0407f62c4e073c29aba1c9a437e51253013ae39f68d1fcac7227641dfb81a31d34979c3a52f10a606a17db31d58bda257b78aa8d0d32d08040abbbaee899b281749698f0847b14bc05d364166778d1fc64777a433852b82205256b02107c2cf518e560937887bbd4e30ac0f03fa2507887e54f08a7e5d2862478503d4501171318550c8268cf79ef563a201d0baaec9a6b7a183851f7361d5b9efa63a17584986366c63ace23522c23b97c0dc35b91094ad1f12cf35015bc13498ebeb4390d9f6d92ff675c03eb4ba68983431b215024da86413f4d1e6711f727f846fac616e2e5b844b585b6fa126174f9fec16dbb81e7367859ae7373acd49bbb74769badf6df65b7eb16acfde167598cba15e11c4b369683e753df25b63efdcd7af911ceaa6d905267c0063dddbe56670d73a1e865255f01acda9619a8661e03819f453f3b8db2abad11b8fc0ead818ac964d13af213e96694947b726d70f2c4a1a939d807043e86063c203b696e24cb9d1d50820d31613456a1afb11796e6af589750c53c4b4b06a09ce5167ea04daf709c945c45c936e9d3fd5358da8bab87e9b0efd226c3330a74321d78e17b03bda4c523de52b81d543ab7efdf86a63d368316569b1d24455172ebc1a1acef2704492a20b51d2298a66f96d934d6554576b0437b498505f0775dac658277578304f5a0732aaf4f860dc213653a253280d632284d29eeafab9678f689450b3aed5ff336f3d1a7a635defd65001925be4ea38f28d604a968427409ada90cf546d7f164a9fd545b07ede045f191558ece2d2c4a6baafebbdaa67b184dec0229874ebc6e5c279f917c88033720689a7835985692d5c97a4d60c8399bc5d284fd426ba3ed8dba73f760eb88d28b793b00fff7af997b07970bec0e8600216b6062e035f934d6d354490c115d0aeeb86e95317cf3eabf6128927fe69cb4cf235e6ec63d4252d795933adebaa3c06d63ec366f129765a98c720a89c0c9fa619efdffd91f09bf15a4da0ab5a958d49abe15c39382e890d1e57f896d0118769849b483e1991d3773f27fdae310a3955304da996ce48bf8e94b12f6edab15820badf0b7fe5f4939b4ffc477e6bc748fa6dcdecf1f8cfabeef1ca38d01ee16eff6ac3d4b6ca5227cc1f1574a514411adf6e7cc86f6dff91fcfb58678573bb27e30a48a845ec14446679652afa23223c021ab0682db0b805b57b490c872272bab9554a2ca60c2366a2ea1fc81936c7fbfcaa6b1e5fe5b25501ebbeb83c30a996178f990636d2f977fc22bfb1b5fe3eb998b259e9322fccd5b043c628c0057ee55da945750d199db9347de786c79ea61b2b082945b8fd22dd5f6143a91c5b7e4455d3a557f8aacd69599755a2769fff1fa48e3fc9cb0d4098c0e9cffc1d7f62a7433063650def8aab2bb5aa455d94a6bb3efbaf49528e53d35ee4d728c2524a31a5641c001e17cb49a663e156b6bf7a8523084b7dbece14c06591b67d907a981afec010a61653f8531374c41989a8dc142b4045d36a9d1b723a6a59d681b258431d170b81014ff1d2e67f40e6cb0d8e30b598526215218721b4b158b86ae8c41bacb6461eecb9ae1ffee89b96b5cf16e6d34ba8c68494215c424c291932c376b0ce132b1a1853a9d55659c32918b39f94d924f69702883f0a84ebdbcbfcb986c730b9d5fab1c9839aaec984d6315648a61a9db91fb7976101175281f04f4ba5c99895301abc5ce24c4d11f6378ce53dff646ee1a7b71c404da32ce4084b1f96bb0536c0821679c5914c021eca7557c8a5fa618142e5d5ce78d92acc4785704931a56482d2d90eaa1ad0e9d06a0775e4582be4c34198a7f86251d63958b60e63bedb08112e27a694989b688c4d1e449ad6aa190626ea0e1a2bca2c0f900ba940b8ac984a8875be46eee9abacd90c1c760b22dd4d8f454ecb8a2815d2df22089717530a1184922f0339ab94dd02ce7fea53b9b5b199e3e82dcf412ea40ae1ef2bdc094cc2f1ac78a6f58ab665f0a6a5223135dfa1a11ac8437b855a28decc4610ae20a6f45636b8fd2a2af623239ea614d86ac1d3c81826cb1ee8baa5338e36571915175289701531d5f0c88132830e699ca40619a76422a5894e587454dbad3758a8962a9d9f21f3dd661ce10a62aa612860d4c2a563e4f6081ea4c9a4aa227237482fd4654f5f01a06670215508571253cd88274d2d5d6f179096c2ee1c882503a7ad9bd296daab705009a942b85e5a697d034ad1926a07841573bcfdc40003d36a8bf9f04dd2aeb1146c05470823dada9c41b89298529fa144b4ae93090b501d2b3113aba8d6b33a3cacb5a7060bfb262b8d4733b2d9591e7e5c454ca954c0f8ca881ac491cfeb8ae574f1a93792c5b55e93b175b5e1fc2a843444b85e5a11216418436c4266dc8752a73dd25306a801d1985705a7632f95108664482165759ad255882957c5315f863ae80675d34cdf58e4e37d21ed7bab0d463332145c26930184954a8e52a5b2fd71c59b12eaae6b0255d7d20d6064920aa3bbdb1a76eafd7eb3dbeeb6b1de044fd85a49a030265ff3b7efdcbc7f229fe11cdebbfbf6612ef562ffcc7d61354a066b05ce8b2041d5a6671aba248259dfa0bb828c6283ecb5aa7c6a9fdd7ff0e0d3937b676787fce79adf5e09e4f9b645777a7964131866af5cb0ed4284dfcbcb2836f7596bfbb3c7cfdf809466321b5b39460fdfde3d837b7bcd042be38b88c4dd43adab27583bad22bb6bd563e2ec2f6b470d0c5d0776d0fc2aed4c187997401ddb0db013c178d9ee063c880cb3dcd6f571d14e14bb95c756e47bce923515f31874a2312506a99c43c8ade90dc3d43a7412ca5d7d398ca6e25875a01bd32409bf607b111b4a659b4b3ddc3828c2523feb8b3233d9b9084b604db1dea6d6c2ed2ec74728245123e34d6964aa2dc014a3a2ea61d98505429893da3266061b3ea8051f35fe9a5f9b8f902f07f3d68bf278a9323144941a26faa08c7c5efb742e4c14dbc6aeac3d3a7dcb843f5f26ad8740b1b62fb962e436a308a92bac48a77f038b09c1d035bd4c2f9559808219df336532f361ef2d42876069d0247a57ba98226b9d4bcf420c75f67ea8594c48a9b77f7a74ebcee3c777efde7df4f65b89fafc5229b21c6c4e5d9acaa4b76998f549f10137c0e707da45c15bd12d340e743262092f72418dd37b0ad81ae3455a2ef14ff9cc9be70f4ee28f72ceeebeca55225d0b18d6d1d32f49328f2121612718e9647ad9027f7540089954f9df79a967158a739308e30dfddf1e03ba679fee3c3f7a037af8f0f3a3bbf70ee151f7debe884032463564a74ed2a2fb87265404fb36bab46273506b1cebfa681c2cc1428c5d540e19488d884f95e3f5e3db20a65c0f4bdc17e6be31971f447a8d30747874d31a1cd5c9d7c0a659bf780943f4a741aa5cedb29d00d5942cc4c785e8ca9bb947ad71e1f95a668e2d2d812a3ea2ac2c0f428c901e34d33e1334b1eeb60c620e05be450d9a2eaf0288164f667bf7d3b1108f9dc8000dad082ee343c492c6bdc53a65e6ffa24fabeea9bf8129aaa78408e6b461c9c65e0495c605723a246d0f421881d74eed0bf194ce8914320c7b31aa3da29f6e2c4448fdc5cf3a38c3400936365cd44a0791f94443d54ebd0921f3570591a1e93a6eb4222c4e17ce4036a396168d4101d954fef08dfcda0508a9d3c7e65e0d39ca3801c44e3a88a04f43be36e60e298851e778be90d650b54988a9fc2172523d08eab4030990ec421f2a8666c4cd1984e0ef4b21135f80a3e8441c0518ab74b5674344a78e4f8337b349c75f589c093bd41f5246165847be9fea39b8a03888b532aaf1288c2821a5c6f40df5f95fbebcfdfcb0020e5f88290033b0173a0a4cefd44dd519060e701a4c88aeef5f94014bd89491baa9b1bdca691e436aa82f01d221063ca611429a59bbfdf875f46127f71ead3390b26b01f6ac4f25c483946e0aea190d9d682db5a21fcc6162cddaf3152335d8f498cace983ef2c5f7c1a276c4b5f19e22ccdcfe04b7bd7ff3f9d1ed37df3ebf7df4cb19c400878f2ab9926aae3127a116e376ba023486230ca2b96f615e2235c1f5f0531b52cb4e8a69c4135415557f484b95c121a7d9cc2d0ae7feada7dce583c70787bffef6097dc493f59c6aae31a6b0bf565c775031cdfc428fbb32a6b5dda94efae711ea8aaf0e6531389434000fa81312973197f122ff9cdee94ee8f3d5ba4589fbfb7b61730d3e70d4fa1df1503d8515306564ea14fbd498eabd0e3e07d00bdb2e6cc2fa56d3c4335409c5d84087c2844bffdfcfd0c9ad4ccc9646fc7dee150ddc1ea90d0a781ceaa2e1a0e3e4538ca93176f6ab8d7d8ace680654c5dc738ae847fac31c1e08a9075f4a54a80222ae0bd465c8cfa175f94e14dfac3f2ce55e5179514f00413d10976d54d62f7fb29a043ae02e85b7375c983a150f223f0c59e62ce9c61f7fdcb898fe40853ff3ab3f57d1bfbf901fffc545afd7e200673dfe7a25f704397ffd49d08dff83dc1be2f2ff22f5f122fafa55a4d01ab42a067bc1454b338e15d1cd8e07fd7f9285bf9ebe5b2f6d5f40955fd02b71f5053da9c84f1f22f4cbcb8db559843995e20b36fe0742cff382369fa39be272039de42fa6cce98eec7284d2a97d49adb465f51483615da7a1141dbf78993fdddad9595f40a5757496e357afd0614e8c3ef70aa1cfb99db00895c9bcb9f5f8e6a77bf79e7cf95c920e9fd2bb8db513f458b23af3001d89cbe7e8f9da02ca6e6c9cbe2badff1a8e11daa3b44bbabffa3a19b7aa05e494d96ad32092a5930ff9cdece9bb052073f7d0b71267c7097a28465ef986d0b70afd6c43c03b7a107dd8e197753115259882d721c4358424d81334071cc0dba4f076d677fe88585b7005c3cb4afade582740163402a09825357ecae43760dee6802c3d942ca432fa25a73e440f2b8c459b10d23c469007df7aba96ddaaac7ffe3be4be67af00e3ce2920ccdc0f2dd22d743323af1ecfe71e8c62fb636c732af4829771d58dacedcfc3586bb50f463d560d9ef115186fe5b3fcf6eb33204316ae2b19a5978c83eb1c02c5f7fad69af0f82cf7cdbdba47313ecced48457da68493a27daa9838638837a424954abfc7dd25f80b64585658e81fc5a169133f0eb631eb6fc96f9b1bd1393caf850a2abd3c449f2bd2921cd190e68d1caaf2f8b9751ad4dcdd529608495c6b4fd1fd8cd4c45b51786beac9dbef5fcc384ba688be30a64ed96f6a7a8c89454b36133b1e7795e7837be3c5693ea60702cc5df4b91497d6f5dc2fe8891457ea0dd051c88ac81a706ee710dd5786e80d7a26be95b989de48d8af33f2916ba1b12b6dff7c3ede8193012032adf9fd31ac9b197a4c2b8790f6166b0e7477f19dd47342264cdee7b3a1b2bfe420a975e1a24959f84ac8e8b7505c7367e830ea326235efdce39073993b4a15151329d6a7ec619997115b5e5abf31677410b815b5a9098b82d37e504385588f7b1b38ba6fb1a3c786d0d2307f59dbfc9a51f9ac004939f7a4a2b4500cfc509a54b8bc97db090b1999ec16ab0573157d97bd1581f84c19d14f92896fd0e32c8317d1fbed0f73f7a1c23a028d370f9a7e795efacb1735a62de650a050e3cd0f7b317e19294ab0c9bd2b94af7217bdad4893fa44623da397f4d77ce06b478fef3f3b3c3cbbfb8dbbc3ed8db5cc1be51c289c078a89dc9c66d74e4e5e6ec72c5b69fb4f0b86c68adf0b3d224738e66d29e379864612758dd130251c43ce7172c22b3a426ed7a90ede63975b9b14cb03b8fb095fffa569d33a8f068ee6e85fe635124272573958c1c09d451b3499a9893528b622a6c63df0e1900a9e7194c1df2fae4119374ea3b5a5a7528e5ea1bb82856fd5d567a98fd429507cf79f3f0529ad7cbb4bd3a65f725c76338f95ff7baa98780bdde23a40ef9a8b02fcb8f8840618bdc464978b8d6674fdc2638bf6d3b1efd1af0460752e282260a3920fd7039f831f0371fd84842da0aac743b25205a175c1cccf083d600e91f9439a361da213e9f59e29d63de04a99ddc852b3bcc36f7118222c957eba2067044f184c8abbfdb626da1022c674d80a86dd6342e8a7e6f40052fd0b5333f2db862a2f3d106a943979c60d1e989e9c94d1479c99b947ca63c8556eea64a48d79aae4941a16ee70a9fe0a032d2f8081ef2fdcea0e4dee651d30e08349c7f76ad18450843ab5e2eee440877580c2c5d9aff1421a1c00268d030f39282eae3aa5929cffdc5be4eccc745fee9cde963686cae99162270f5a725f84e7a1f64bbaa0794e3036a8009a4e77bd9a53e6d97c6dc1ae2f07a29dda25f93db846ce46a944cff92829734f0e9980c1e04428f00a39eb25e132044288d66ea313c13bce44fab777041eea51b92e973ea3bfe7b88999e704630881650c94cd97d7dcc82a5bb71f3974832daa5d5a23317f62aef1486438540db3a1e9e17c704e72521d81abdc740a84d005467dbc989ec7e84d96c5640fd12f15f1373c3ea25ef65e8e39c10b0f8161b31e26b8bce6e447ba314db3195fcb082eaf0261fc8e1a9c3be8b690af13154b1e715d92c695f292671cdb9b0a61493a85a7725678d09253827d88c4057c52dafe3dc180c2b6b6e6c0464e1059bd70c86c14b0d01d4649ff98cfde94baa4022d617ab2d9c7e86f10d785e690a9224328831c700f2c6c3874049e3361876908c8cd3040ddde998db3e7220c85b24063376a37437f5838b72c3c4c54e6a2ae519ad22c3534c2f40866d28b3588d0a9d110b10e03060855ca44a763032cb0b24e15e9e1733254a250b77f4bd835158edf9e685a3b22966ecfb655b853807a7e3fd92db17e7822edfc1dc94ce1b5b3a06410973c43a147e33cdce600a92c1fa147391e2470bf422fdece5c3c41ff99b0707a6e2b614835d1a6379a0edafce8d0a4cb6aa470c863f1db3293cbcabcfcb6b04159f4e954c5965b9b80104c0e13ceed1c3728256561bea12f15617f05e6bf275ea685237b62716978ca4b75af3e69f7a6230cee926d034abaf44350d560aef1b9b0382133e527b7e9070ccd0e7312f92d2aab2af9920625c72d2698ce27122a846b34ceaea7180c750243c72950b26dd7ad355550e3c9f312905370bbe03706896fea992c167f1ee63bcf2542fec92d8654e478d4656cbdcb6faa5208d532815038879208883857699c6df613b79893021c5b65b25a130fdb940b0ca28bc236f8c3a4824150d160aef1b90cc194b8de119fdc91d839c8d2bb6811846a19cb157327dcde9622ccfc05ba88316ea6501908dbc6fb836e6fbfd96cf6eb3dc5c380cc3665266df5222c36c0784bf1703142c098cfbcac8405900842e151a86b11087728427082291156592c1af80c85af10fa963573b056721e5699a1d3fffd122995a665e7e5d6693eb43cf3a4b422a4f4bf589c8dd349293bab8ba747d4abfbca963ab3674b25d7435e75a433fd1f9bc2890b4b734b84d32cae832087c1daa29626b3a12c8fb034a170468cea90372e76925b1a65483d7e4c4268698643344349b7e199051ea3d388a92eca54d25b28a38a6e6637546d6e6d738bb9430a19404a6fa102ed57dc5b9476fe2a7c328da713ab8c8accf87ab0176e10f6adbd99fd894905c3740bbc6475406fc2ca542a7c5b439fe022bbf6ec441591a9a3a0fe50245220b6ffcd3387ca23e9df1fb17c64fb83d111b36cf88997f44938febe351a8c48d873e2b73b642af116a0a89a30a6815a3a0f380c768e04758d34c51351db6b94610983caf0a837dce4519baabddd442c6d56516805c23728365160bc4f823e21d9506208518746a6e350f5a04eea9b62e989bda2a09e14a11c08715c9395a9b29f64ed8c1a51eef754a1785b9e38b02e57a4d07d160d6c398761e4cde26c9ab0f3a9335d27f1827e4c0cddf36b8981b6dfdd3fc0cc4db61222c44321d066998d88c6e2b7c05d809afd4d386f1a56f30a3f4b103942be498806de606fb3d937e87f9893a416e7acf211e26c3e6370e34bb3713516a8115e78247f4083368235b6a12b69af10b530bbecab9499ccc360639b66192c7e013b59e21e80c920974d8e906717b744944ed3e735be28412d0e2f361d402801344e92abf2b10c189b3abb7ee0956b362c81c65a4e6a7bd6886d6da982612d26ee8310e5003c115035cb3de1d92cb51a2a6138a4591fb72fb28a719aa58e450a34430a2b2f7745a702f5825c51a81b4a96c9b121c0193a6abf8f81c31396edbedbd489dc62015ea59cb40fc3b48531c5723d0eb764ad2587448d98a68887b90ab72e6aed29f35416dbc222fe1a7279538e11a0637ee1278e3ed8f9949d46d52bfabbc36677308e9c92e9e844e79b468b93de88bda421a9761b4534e250cb4840fd8bf0de004cd615efa28200a1aa896f914c476eab42f011fa1f7e13628b11982e4a3c1450af58e4d20e7329038bc0b4b6db37a1a093789f0cae0bcf42630f1e3fe28f67aa0e7c281714a160fa585684a19166fd0c29c6a9c56cea60f23f316dee494b8093b7f5b013c1629a174916b5489da6cc3a1a46096f4b872075560670342e910b330f9128bbacbf7bfa1aa19b476b992c747c3d3a836628ee32a841950d096fd0cd0dd621458554e8e32479ef193b1b6b7f5ecb1e9a390bd5640c4e7a5f52135da8a6c75407dfd8a6ac134ca4c6862f5c94289223684e3cb97fc6bbf41fe64aac89217347c968e63e5acb9e82509a724320859a78ae59d0a65996d1ebfbfca8f045dbd8d85945490d1818163e1bd4718064e18fa5d2e77031f82e8328da11d69e7f7a7672e21cde7b5b61b8a975cd3c47cf647275040d19f91b18245e841c24b137d43488d10aed42add89a1cd06469dcec4f1720841edbc44e086e2cbe4b2d17f404f3c84496d7a8bba79ee265d8450b529a932ba4a76b8fd18904c8db4c36a998d2244168613771ec01df8daa60cdd7ccc80949a269d8a915779b53b66b2df9d4919a1c4e9dba442aa4bc1343b63dc10accb770a92ab6ca5dc9dd47afe52f323759eebc714aa80f1476864a7e7283105bd4ae4e0cd3f0a23f7b7ebdadf1ea86c572a9c44744286b0abb024cfc5b89eb9f9453589689b403c53a1562bf39124949fe86eeaaa5af140d9246e438d75dac5bfb312d2c586c51aad76fc002225bdd48de856c209b4f070d441afa8eace37e5110fff60c21b5ab44fac34aee3335399f95fcaa0067f3435deeac361a29fabdd519b55e9742e9ccf60b99cda01c5f024f9a5d304f2b2a29c4457fd916fc39e4b55ea8e56fb02ee19b6f32dc1fc20269eee15dfad1934a452552ca3d664f1db9b667a0428ad34604fb345ddf9f6344cfafb4253735f4dec2b6e33db5625b2a9da0b7399932ad656e81ab78f0f8e8cd9b87af3e7fb947e139bff0ce36e9f5554bd403c9389ade2736e93c2a456d62eced5ed08259280efbfd06e76f8a53142813e59876c3c6366a6d808bb23991ba8afbe1934e9e7c93dd8990485111558dc4b7d49647e3b285da9941c0a195981cb441d7c0749eebe363bbf2a8a1e1672127376210d788f9c07f7ea61abf4aeb0eba1b6da559637b2c9f3f62fb2bc3e6cb9d9734308d744d21f45278fb469a3d3be2b44f647b7ebf67589636e8cdeeea6eeaa6d9f5abae5be487c8272d64c05886a8c373a8dfb6433f01827af6ee5c076d25176ba0e58d51b7557be9097a93676b69f838d57608d647122e2f95830e99d990d0d7355f5eb3be9bcb9781231368f3628ab103b9a06c2d28518b1a6d693be70fd9771e1ea267b22d0a94f04e26cf8e1f2265d5d59e0420b324b120c68f2ffadad1d7fab04a6a9a4d4f34622bd3f9c67f6c43d3debd10e22dd9641222dc8ee18380e0de3bd94ac67b6b36404ca1393ec508983774ad76b0b029aa187b85030b7792568581cc22c829fe799bb9420971e76536fb80fa89a799b908a9367e71d0c92ba5ac14208bc2f32fd8068e34bbaed8366e1f7a4df65af34f6e0ba27b4c06ccd6a4f1179a5140636c80bb07d93ce310593bc26dea271e1c65327184e0141f3ea192f225a79a18284011d67c30a86b4db3bb93afe1f7ecda6e8f10d39c0436726780d622716b871fb797c6db822b2c987f6c4bf53bab84ae8e37b4dd846d41508da9b04dc0a5cfbfd090e6f06d8ecf053431d0c0541493375e5a8128ea279d60e61998d3777c3ca201daf1b9177da8a3c08a632296f5d388a966f491f755063477d1c94ec451505fc836ae3dfbf4f8cef3b75feede3b0399729e3c544e83063e6baf79919c456e75b58b2a19312115db7e825de4fa03f3600620f2ac46ad56f59b8649e48121a9c41476a93f51a1e8a368c8c9411e3d0e4fe04187f7be3c8cf8443a296f223b1268b25f48b77b9549609fbb07dea1e09d3f5c36d02dd6a23155415dca434d4835126d7f43b239238292bafc377f6dffbf87ebb95c14deb956e9a769cf4ee3799206b6c4ebb0534825dc1839c1b0df8aedab49b90df8ab8ab669fe54ba7fde1766f3ef6047d31f3b518f21363f1d863ded50664c35b7c2dd6b56bb80827dc2aa4e890e3a495e35e513f9be72a220d2f49dfac2d76fa21837f21f599082f1c7ed28be876788725f35d95080b7f3a94ec9e2419883dc3e8ba9817bee829323ca8ddd988d4db54df6c57669fd047de1c6913971d866a1e2b1b5fca9eabd337e17815b89e3bb57aac8620e003c5adb78976672f91e8b7d4ded422f07e2f5c3b334a01ed38a2652696c0dfe759be6b587bcaf9bef05caacdda406f416f385f75703fa00000bb949444154d97c25720406d6de6f339ff8f98c6d2ce145723802e5364f14375300e4ceb0684dbab292b86f597377ccd4096ed43c8da3e740532034de9778eb3af5856a3f17c3886e1e65d7325f63e61f93df729557b05156e2638ccf3c17a5fefc6f29d20a2677388669fe794a2316b8f273d86dc2fe20c5416d2f94bb771ebe8ca64cb7202f7c1634f74c022f09a464127230617968b8c18b47799f64e92d8598b263db5055c89eb3dbad2f4c818fb99fe87850eae0ad8bc91d06fe9374f76f67f78d66366ef103db0a6ed52b069ee7f2f0b8fc5fdb719f484daa6c6a5fcb272fd0b0618b7d6b65d6d7b5e8f8963e47e88d355d1fb7784c90b8a66e7c9063adac3fa3f95004233531844cfbbe5713930bafb4acf74cd3fcba1d02ac5468aef536fca3c462ca777075f8eb1875b2eb56a78b4ac155880c821e8d5cfb65d99992bc8ea01c00abf386fbeab2f92d58d4e52fad643b840d9056d6f28b5f48d7c8587ff830a712a9cda4622a8e902d5acd72ada9b3534d1c6b91986ad5bea9ebbdf88ea864722a85942fef66601d86575e36367ebb2053c7c6c76d66a0be1d4259a71436316437123680caf8b369c146672eff0bfb30e1e085e18c994da889a1908a25faa3132892aee55fbeb8a4c3fea775be69fd970a5f08906638a1989aca6a7a7dd921541ba00554b0e66c334dd410ad61c542e528d851033bd6257f8e0966070f289b2a4f3adddc4af2607c3e7671dcd1e2b3f7e66e50485274c3bf6f4b258c380a280497ebdac2f791c2fb47db60de9e447c868cdeb2d944bde6e7cc6660598b0ccd224a72dc9714d29d77e169341067b7d9a97d8d36663666069cd91bb25f778c17d1585c446f6bf9246f4a9cc313119da6a124aba56284db2107599c8d4ddc6422e3165b933114188088aeb5eb3eeb7ca90d8f693037138b27175363d9b75ac50b56854bcb96524823bbeff3a7622f39750eed8638a215d9b65b535df3b5a0a95ecaaa62f15015b3d94b85277aaa3755c041f2b7b1787bb1c0e752632384542540544273d1389bc669daa0ee17cb35d7aeb96ed90b86ddb119d34ffce27de851f97df297bde6236e663ce3dcb691c554232466552f5b6ac3a21d41b9ebb53f9d9b7ff19e6a46c68c56f269fa5945385c16362b97cc6cec085a5fd7ce9fd8b2905c53d3a3a7ba5d7290b010d29214d1fccbcbdf183b878c1b3b1222cbbeb2998bc5d48c0e112a57e78a4f1710bd75ec04c98b5f8b607c2c456ce046fec392272b63ed839454260ef9af174d545c46b5f9867521d1e41ec74e0ab9b0b2c8dcbd54c2482a9f9e8c3f6dcb26868dcbc434f69627580d670b6c4909520a380c4bddc4b9002117526100f395950ee956b138a8e28562aa96961c308b600c4972538a58031d94e802f55ab9ea62c9e342ba96bd34ce4e0451ba462883f31eb0f90f95f5509bb1a28fe396e3726ae9ac525e142f52a4b4bb703eb18ad62e8db39390f113738d20f59bb945b7c33232b3a98da6ff8d8df065b309a988c93e18556c48888bda224048a1839b9a98f7abbd765cde901b1cd81f95592411f2159d0e65fa1e9dfea9bfc4bbd7aa70dc89419f27fde882da22a6420ad1da66e6a7d55e111192f1eb365fd95924a6eafd1dd402e23ab21947d3bd2c8839fc71016252b5fb74c15a02666681d5b3af082085c8eae25b9b9bf3df94a8b66cc171f1549b98b598a47bd5e31060d97bacad46592d771e8ff08d6dd846b1f9714513337357303854f64fe7dd3574f530a746b545b179077aba28dcb5341ff60f41e31c567ba2e71954fc91ba6715675f1d19bf6f977632f3c4549951beec80bbe3a0be67f2869a1434a56164afaf8dd99c292d9e7398a141953016675f15412c5eca9f17532384c21bfca835a50a42d2be23b068c29ff27b9ae1624630bb70896fac67d6be5ea98486587ede7e773aab198658ad06498d14ac71f25721498ae41306201437f667c0e09f4f978bb31341bcb193b911bfb97cdf6a1796cf224d61e4a2e3f6e653249f60274ec876941988c6bb65e3ec24445de3fb1842c9c1b6a1c710eacbbce9b1aa4ec6672f3a300d51a38b0bea1f171da8720564c44c8dd4c1b6c1f67189064aaa87cbbd31b77620ec0720a49e420a48fc6502d725a1f3ee2ffb9ae1206568b8076f8d0d32f697c2c7b0402f314dc73bbc5823cfccaeadf68e9fa5496eeb0988084c3115acce85075e26a05a30ecb15745b15e33114bd8a31f01513e9df5a3d1588dda86555ee71ca5324804cb81552564ff7ab56f0e6175943ceb9a34a8b768affa22d990bc81d8386ba886f8ce355ad079644c65d8c18b9b7817757920ead45678f7b8530ff88bb883aea86384e5ace27755c6c8d9cebcb900b7eb0de4941b5d4ce6adb62426df32096e529893267f9219c646f652afbe598ab07ceb91edaad65e588964255763cec1d629088e5987250619c081e308a442d4bf93a42a090dc0b4f4e607394bd320ce283061817adf55f5dabd213c523a09a76d426c165f0b33d2c7a3b314b79ad02357a4598754fbfe922fdb4a4ec69e584a72218128a0f8d6ee953908d48d47f7ac36c95fe30e543eb8566dc486cc76d9fea051bc150debe74e83588a1ad1fa12cd1599c70d3be11bd767543199486161a12234b0a9652258d45ae5c5e3512ad48921cf3f872a2a738d21c442f39a44d5dc5396bbc6c27d68639a52bb0767ec1c747753af845e445e6bd23e3800b33a91a72893c8b1cbed2b2923c6c91885db9778c99dedb8c7c39a6d3bcbae8c26a006ac87307386a32d9ce5fd2bc668687ee4f67d790a48617c7591da22aa8e5c919719b13d8de5f6d5c92a3647619c5244d27e1a35ef60c544221139d3406d2547ce309417b7695e895dc5a41732ca87e3108575c1ed0e6b8eabd5ae49486dcff7fda06aabbd89d0ad3320118c85c668d5a21b368c7ea8e0dec8209130064f0f30eb7620da6aa1da7cd274d13ba940c092646018b175bb6a7361fb4c1278a417d950ef0c4c2628e7777e187b4b2c535c4acef99c10f3ae3023ded850ec2ef57a580a6fda88dea80c77018f7fee1c129266b5370d7566e71236fd8199c346dcc2395e7f7127d45c74344d68fb712b52644f8345a6998d82d85c255dba98bc9951c304f384f47c35afe6775991e772708649a6c373f508bef990818947c6a47b1d12aaa813737bcc2572c3aacf0b30dca0d3c3e66cc7978206fd27c6b8e9cfadc7b3b53c56c96e46660a93fdb4d5fbb46437c5e3a08cb73785f6f803f6e8851d8f76d51f367bc706e19d34bcab86106daf5d67a76bcf271e371955e41f07a8e00da7f0f7faf1f0aa22d18bc809267bd81875d9dbb6cbd3ba282b9cdb2b76eeef6cb756ad7a5eb55a76dd4b054d0415fe9ed239dbbdd238343995db1319525d25893c172fde14fa5da840038c40ec8e5a2ca6cb90ca02a94c6be3f1a4f13da473760c8d01669a258dc8fc7696ea2586c16fcdfbb4102fc6509dd72f7f69fa1553c39a4d26f0f4dc3cdbbbc7b2d4e706aa8085ca553519ae35a7ddceae9fbb37697f7f2574668781e930625ead3c1d4db0c946664fcdce108f79ed55efb6d5ebb3a82798657db54bade6588b766f92ee0f10524a854e189d6113f727c4d4c79170c3a502cada796802cbb67d1c83fbac82b8f9165f452ae89d99774cfb234bd760bf47ad6ef0dd19261e7e8f946901f93d02e330087b7969c11f9816e944986213d6e9d2e22f62f0e1bf313b9192b56ad100a25f8cbdf026b0f02494e6627fba37d9bd6e0f7f1915bcddfab018822aef76b53082f378357e8fef132beb4de4b2370fa23a6fd2b2dc72ac5c76c11b52ff41a9c181083beb9201d5427ed22f4b0f1a5364ebddc57ffe4f4013c26ccf1eaf5ad528c2066105d02a135f48a1499acede7f3c3ae0ead6e2c23a34ba68c86bf42e1941f64cafa604d9ffbc201d22ea717b56db6f1d4f8d0e05cba4d486df8c7c04ef52ef1ca76841ff07a31a914a16d4fb3e352f01f2393b6956893cabdfd62c03378b3fc6db5d0505241693c1c17f45c2d6526c324641138e16f352f6f6fe63513d76d8bb078e822920b4594beebafa75155dae9daa6e39ba644c431ab64b09b3fe2c8f1de6cb88243bfee01f90ea03ac93a98a540b53be93aec11c6253ede0f16994f68352db2b2078d322db4b6ef707565b44973d2b28f8968a7bfceb2a607f678a1e29e2ef8fd36f11fc17fd8bfe45ffc4f4ff01a22ea16de2b5b4920000000049454e44ae426082);
INSERT INTO `events` (`event_id`, `event_name`, `event_date`, `activity_1`, `activity_2`, `activity_3`, `activity_4`, `activity_5`, `image`) VALUES
(5, 'Sports Day', '2023-07-15 00:00:00', 'Basketball tournament', 'Track and field events', 'Swimming competition', 'Tug-of-war', 'Cheerleading contest', 0x89504e470d0a1a0a0000000d49484452000000e1000000e00803000000c231f1ed00000153504c5445ffffff800000ffdf00daa5207d0000750000730000780000ffdd00770000ffe200ffe000ffe300d89f00e0af1bffe700deab219d480094350a6e0000f2e9e9fcf8f8f8f2f2d6bcbcdaa51ed7a021e4d3d3d8a100efe4e4dac2c2e2cfcfe9dadac9a7a7b27f7fc39c9ca96d6dd1b3b3be9393c097979d55558d2f2fb48282a15e5e933f3fae7878984a4ab98b8b974848851515881f1f8b2929a66767f9f1e2fff4bb903838ffe868ffea7cffe65cffee96edd4a4f2e1c0861a1afffcedfff8d4fff6c8dfb149e8c888fff0a6eed8adffe232fffbe5ffec8af3cd00881b00e9bf00e2ba64fff9dcffe44be5c178e5b718c78f00b26b16bf8300a95d13b57400fff4bff5e9d1e3bc6aeed6a9e9cc91ab6114af6a00a15111a14f00dfb24ed3a95ca15645c38f4693320c8c1700c1907e953b1cab6d5bc08a66ddc0aff4d668eac12ba45939e6c795e1c5a1f0ce58f7e29ab3764b490e1cba0000200049444154789ced7dfb7fda48966fc9ae929031c61d4980410201c298a73138382f3befc479a73389d3e9ee64efedd9997b777676f7feff3fdd3af59284c196c04e663e9f393f2432c6527debbc4f9d2a21f42ffa172523c7f3fda28d6ac3dddd16aaed06c5aa5bf8d163ba521a9a9ddda9d540a8a16b0ef2ad71ab4f888647fb9ee7fdf322b58bc3011ed701404377e8bf7b43845cbd4b7f34e84fe61e056e79059d68c10f1ee972e41bfaa0e8ba4dfd98fea0b5e1a39a476103c24e0ba1820e9f596534243efcb23b18167fe0705351c16f13fa5f95f4e1a71ea1b88c91fc254308e4ea13fa6fd345357d083f57ad41edfb8f7509b21be3f1eec4aad24b7d0c1ff8846adfc0ecc8df4b84655d7ea41dc0bf7bedef3cd2e5a833b67cd0bb26b0654c40f98a16d5321b93639f7dc3d605124fdf157f54b76cfa177be15daac5f2f71b720a725a4364ef93aafaa0afc340fb06fb65ddd40dcacc1061a04bfb52b57cd4c0eacf8a06694eb0ff7d069d820a13dd2a0067eaf013300ff980c1d75cfe05a781c9441a1804e6551916a35dd595cbf0ad1edc0e37bfdbd09392d3b4e03f039811305d2b935e8f58135b7d63ac574384435d71bb894d575ed7748dfd5fb44261f8f1e4338d2a5bc0b92688e6844b26397028530d35faa2ee8708fbbafabc15b2939a5e2ebcb60e4cf476d18f277b882d7e01060315c9a4ab4d2c0f3e19eb08f48d063135c610503885b01d0ae620bcac114ddc561fc07f1837be03860bc9761b86c158e058c014c7c4d4ad05ec93a60e1eae4ea6c86786a441e7a0407f62c4e073c29aba1c9a437e51253013ae39f68d1fcac7227641dfb81a31d34979c3a52f10a606a17db31d58bda257b78aa8d0d32d08040abbbaee899b281749698f0847b14bc05d364166778d1fc64777a433852b82205256b02107c2cf518e560937887bbd4e30ac0f03fa2507887e54f08a7e5d2862478503d4501171318550c8268cf79ef563a201d0baaec9a6b7a183851f7361d5b9efa63a17584986366c63ace23522c23b97c0dc35b91094ad1f12cf35015bc13498ebeb4390d9f6d92ff675c03eb4ba68983431b215024da86413f4d1e6711f727f846fac616e2e5b844b585b6fa126174f9fec16dbb81e7367859ae7373acd49bbb74769badf6df65b7eb16acfde167598cba15e11c4b369683e753df25b63efdcd7af911ceaa6d905267c0063dddbe56670d73a1e865255f01acda9619a8661e03819f453f3b8db2abad11b8fc0ead818ac964d13af213e96694947b726d70f2c4a1a939d807043e86063c203b696e24cb9d1d50820d31613456a1afb11796e6af589750c53c4b4b06a09ce5167ea04daf709c945c45c936e9d3fd5358da8bab87e9b0efd226c3330a74321d78e17b03bda4c523de52b81d543ab7efdf86a63d368316569b1d24455172ebc1a1acef2704492a20b51d2298a66f96d934d6554576b0437b498505f0775dac658277578304f5a0732aaf4f860dc213653a253280d632284d29eeafab9678f689450b3aed5ff336f3d1a7a635defd65001925be4ea38f28d604a968427409ada90cf546d7f164a9fd545b07ede045f191558ece2d2c4a6baafebbdaa67b184dec0229874ebc6e5c279f917c88033720689a7835985692d5c97a4d60c8399bc5d284fd426ba3ed8dba73f760eb88d28b793b00fff7af997b07970bec0e8600216b6062e035f934d6d354490c115d0aeeb86e95317cf3eabf6128927fe69cb4cf235e6ec63d4252d795933adebaa3c06d63ec366f129765a98c720a89c0c9fa619efdffd91f09bf15a4da0ab5a958d49abe15c39382e890d1e57f896d0118769849b483e1991d3773f27fdae310a3955304da996ce48bf8e94b12f6edab15820badf0b7fe5f4939b4ffc477e6bc748fa6dcdecf1f8cfabeef1ca38d01ee16eff6ac3d4b6ca5227cc1f1574a514411adf6e7cc86f6dff91fcfb58678573bb27e30a48a845ec14446679652afa23223c021ab0682db0b805b57b490c872272bab9554a2ca60c2366a2ea1fc81936c7fbfcaa6b1e5fe5b25501ebbeb83c30a996178f990636d2f977fc22bfb1b5fe3eb998b259e9322fccd5b043c628c0057ee55da945750d199db9347de786c79ea61b2b082945b8fd22dd5f6143a91c5b7e4455d3a557f8aacd69599755a2769fff1fa48e3fc9cb0d4098c0e9cffc1d7f62a7433063650def8aab2bb5aa455d94a6bb3efbaf49528e53d35ee4d728c2524a31a5641c001e17cb49a663e156b6bf7a8523084b7dbece14c06591b67d907a981afec010a61653f8531374c41989a8dc142b4045d36a9d1b723a6a59d681b258431d170b81014ff1d2e67f40e6cb0d8e30b598526215218721b4b158b86ae8c41bacb6461eecb9ae1ffee89b96b5cf16e6d34ba8c68494215c424c291932c376b0ce132b1a1853a9d55659c32918b39f94d924f69702883f0a84ebdbcbfcb986c730b9d5fab1c9839aaec984d6315648a61a9db91fb7976101175281f04f4ba5c99895301abc5ce24c4d11f6378ce53dff646ee1a7b71c404da32ce4084b1f96bb0536c0821679c5914c021eca7557c8a5fa618142e5d5ce78d92acc4785704931a56482d2d90eaa1ad0e9d06a0775e4582be4c34198a7f86251d63958b60e63bedb08112e27a694989b688c4d1e449ad6aa190626ea0e1a2bca2c0f900ba940b8ac984a8875be46eee9abacd90c1c760b22dd4d8f454ecb8a2815d2df22089717530a1184922f0339ab94dd02ce7fea53b9b5b199e3e82dcf412ea40ae1ef2bdc094cc2f1ac78a6f58ab665f0a6a5223135dfa1a11ac8437b855a28decc4610ae20a6f45636b8fd2a2af623239ea614d86ac1d3c81826cb1ee8baa5338e36571915175289701531d5f0c88132830e699ca40619a76422a5894e587454dbad3758a8962a9d9f21f3dd661ce10a62aa612860d4c2a563e4f6081ea4c9a4aa227237482fd4654f5f01a06670215508571253cd88274d2d5d6f179096c2ee1c882503a7ad9bd296daab705009a942b85e5a697d034ad1926a07841573bcfdc40003d36a8bf9f04dd2aeb1146c05470823dada9c41b89298529fa144b4ae93090b501d2b3113aba8d6b33a3cacb5a7060bfb262b8d4733b2d9591e7e5c454ca954c0f8ca881ac491cfeb8ae574f1a93792c5b55e93b175b5e1fc2a843444b85e5a11216418436c4266dc8752a73dd25306a801d1985705a7632f95108664482165759ad255882957c5315f863ae80675d34cdf58e4e37d21ed7bab0d463332145c26930184954a8e52a5b2fd71c59b12eaae6b0255d7d20d6064920aa3bbdb1a76eafd7eb3dbeeb6b1de044fd85a49a030265ff3b7efdcbc7f229fe11cdebbfbf6612ef562ffcc7d61354a066b05ce8b2041d5a6671aba248259dfa0bb828c6283ecb5aa7c6a9fdd7ff0e0d3937b676787fce79adf5e09e4f9b645777a7964131866af5cb0ed4284dfcbcb2836f7596bfbb3c7cfdf809466321b5b39460fdfde3d837b7bcd042be38b88c4dd43adab27583bad22bb6bd563e2ec2f6b470d0c5d0776d0fc2aed4c187997401ddb0db013c178d9ee063c880cb3dcd6f571d14e14bb95c756e47bce923515f31874a2312506a99c43c8ade90dc3d43a7412ca5d7d398ca6e25875a01bd32409bf607b111b4a659b4b3ddc3828c2523feb8b3233d9b9084b604db1dea6d6c2ed2ec74728245123e34d6964aa2dc014a3a2ea61d98505429893da3266061b3ea8051f35fe9a5f9b8f902f07f3d68bf278a9323144941a26faa08c7c5efb742e4c14dbc6aeac3d3a7dcb843f5f26ad8740b1b62fb962e436a308a92bac48a77f038b09c1d035bd4c2f9559808219df336532f361ef2d42876069d0247a57ba98226b9d4bcf420c75f67ea8594c48a9b77f7a74ebcee3c777efde7df4f65b89fafc5229b21c6c4e5d9acaa4b76998f549f10137c0e707da45c15bd12d340e743262092f72418dd37b0ad81ae3455a2ef14ff9cc9be70f4ee28f72ceeebeca55225d0b18d6d1d32f49328f2121612718e9647ad9027f7540089954f9df79a967158a739308e30dfddf1e03ba679fee3c3f7a037af8f0f3a3bbf70ee151f7debe884032463564a74ed2a2fb87265404fb36bab46273506b1cebfa681c2cc1428c5d540e19488d884f95e3f5e3db20a65c0f4bdc17e6be31971f447a8d30747874d31a1cd5c9d7c0a659bf780943f4a741aa5cedb29d00d5942cc4c785e8ca9bb947ad71e1f95a668e2d2d812a3ea2ac2c0f428c901e34d33e1334b1eeb60c620e05be450d9a2eaf0288164f667bf7d3b1108f9dc8000dad082ee343c492c6bdc53a65e6ffa24fabeea9bf8129aaa78408e6b461c9c65e0495c605723a246d0f421881d74eed0bf194ce8914320c7b31aa3da29f6e2c4448fdc5cf3a38c3400936365cd44a0791f94443d54ebd0921f3570591a1e93a6eb4222c4e17ce4036a396168d4101d954fef08dfcda0508a9d3c7e65e0d39ca3801c44e3a88a04f43be36e60e298851e778be90d650b54988a9fc2172523d08eab4030990ec421f2a8666c4cd1984e0ef4b21135f80a3e8441c0518ab74b5674344a78e4f8337b349c75f589c093bd41f5246165847be9fea39b8a03888b532aaf1288c2821a5c6f40df5f95fbebcfdfcb0020e5f88290033b0173a0a4cefd44dd519060e701a4c88aeef5f94014bd89491baa9b1bdca691e436aa82f01d221063ca611429a59bbfdf875f46127f71ead3390b26b01f6ac4f25c483946e0aea190d9d682db5a21fcc6162cddaf3152335d8f498cace983ef2c5f7c1a276c4b5f19e22ccdcfe04b7bd7ff3f9d1ed37df3ebf7df4cb19c400878f2ab9926aae3127a116e376ba023486230ca2b96f615e2235c1f5f0531b52cb4e8a69c4135415557f484b95c121a7d9cc2d0ae7feada7dce583c70787bffef6097dc493f59c6aae31a6b0bf565c775031cdfc428fbb32a6b5dda94efae711ea8aaf0e6531389434000fa81312973197f122ff9cdee94ee8f3d5ba4589fbfb7b61730d3e70d4fa1df1503d8515306564ea14fbd498eabd0e3e07d00bdb2e6cc2fa56d3c4335409c5d84087c2844bffdfcfd0c9ad4ccc9646fc7dee150ddc1ea90d0a781ceaa2e1a0e3e4538ca93176f6ab8d7d8ace680654c5dc738ae847fac31c1e08a9075f4a54a80222ae0bd465c8cfa175f94e14dfac3f2ce55e5179514f00413d10976d54d62f7fb29a043ae02e85b7375c983a150f223f0c59e62ce9c61f7fdcb898fe40853ff3ab3f57d1bfbf901fffc545afd7e200673dfe7a25f704397ffd49d08dff83dc1be2f2ff22f5f122fafa55a4d01ab42a067bc1454b338e15d1cd8e07fd7f9285bf9ebe5b2f6d5f40955fd02b71f5053da9c84f1f22f4cbcb8db559843995e20b36fe0742cff382369fa39be272039de42fa6cce98eec7284d2a97d49adb465f51483615da7a1141dbf78993fdddad9595f40a5757496e357afd0614e8c3ef70aa1cfb99db00895c9bcb9f5f8e6a77bf79e7cf95c920e9fd2bb8db513f458b23af3001d89cbe7e8f9da02ca6e6c9cbe2badff1a8e11daa3b44bbabffa3a19b7aa05e494d96ad32092a5930ff9cdece9bb052073f7d0b71267c7097a28465ef986d0b70afd6c43c03b7a107dd8e197753115259882d721c4358424d81334071cc0dba4f076d677fe88585b7005c3cb4afade582740163402a09825357ecae43760dee6802c3d942ca432fa25a73e440f2b8c459b10d23c469007df7aba96ddaaac7ffe3be4be67af00e3ce2920ccdc0f2dd22d743323af1ecfe71e8c62fb636c732af4829771d58dacedcfc3586bb50f463d560d9ef115186fe5b3fcf6eb33204316ae2b19a5978c83eb1c02c5f7fad69af0f82cf7cdbdba47313ecced48457da68493a27daa9838638837a424954abfc7dd25f80b64585658e81fc5a169133f0eb631eb6fc96f9b1bd1393caf850a2abd3c449f2bd2921cd190e68d1caaf2f8b9751ad4dcdd529608495c6b4fd1fd8cd4c45b51786beac9dbef5fcc384ba688be30a64ed96f6a7a8c89454b36133b1e7795e7837be3c5693ea60702cc5df4b91497d6f5dc2fe8891457ea0dd051c88ac81a706ee710dd5786e80d7a26be95b989de48d8af33f2916ba1b12b6dff7c3ede8193012032adf9fd31ac9b197a4c2b8790f6166b0e7477f19dd47342264cdee7b3a1b2bfe420a975e1a24959f84ac8e8b7505c7367e830ea326235efdce39073993b4a15151329d6a7ec619997115b5e5abf31677410b815b5a9098b82d37e504385588f7b1b38ba6fb1a3c786d0d2307f59dbfc9a51f9ac004939f7a4a2b4500cfc509a54b8bc97db090b1999ec16ab0573157d97bd1581f84c19d14f92896fd0e32c8317d1fbed0f73f7a1c23a028d370f9a7e795efacb1735a62de650a050e3cd0f7b317e19294ab0c9bd2b94af7217bdad4893fa44623da397f4d77ce06b478fef3f3b3c3cbbfb8dbbc3ed8db5cc1be51c289c078a89dc9c66d74e4e5e6ec72c5b69fb4f0b86c68adf0b3d224738e66d29e379864612758dd130251c43ce7172c22b3a426ed7a90ede63975b9b14cb03b8fb095fffa569d33a8f068ee6e85fe635124272573958c1c09d451b3499a9893528b622a6c63df0e1900a9e7194c1df2fae4119374ea3b5a5a7528e5ea1bb82856fd5d567a98fd429507cf79f3f0529ad7cbb4bd3a65f725c76338f95ff7baa98780bdde23a40ef9a8b02fcb8f8840618bdc464978b8d6674fdc2638bf6d3b1efd1af0460752e282260a3920fd7039f831f0371fd84842da0aac743b25205a175c1cccf083d600e91f9439a361da213e9f59e29d63de04a99ddc852b3bcc36f7118222c957eba2067044f184c8abbfdb626da1022c674d80a86dd6342e8a7e6f40052fd0b5333f2db862a2f3d106a943979c60d1e989e9c94d1479c99b947ca63c8556eea64a48d79aae4941a16ee70a9fe0a032d2f8081ef2fdcea0e4dee651d30e08349c7f76ad18450843ab5e2eee440877580c2c5d9aff1421a1c00268d030f39282eae3aa5929cffdc5be4eccc745fee9cde963686cae99162270f5a725f84e7a1f64bbaa0794e3036a8009a4e77bd9a53e6d97c6dc1ae2f07a29dda25f93db846ce46a944cff92829734f0e9980c1e04428f00a39eb25e132044288d66ea313c13bce44fab777041eea51b92e973ea3bfe7b88999e704630881650c94cd97d7dcc82a5bb71f3974832daa5d5a23317f62aef1486438540db3a1e9e17c704e72521d81abdc740a84d005467dbc989ec7e84d96c5640fd12f15f1373c3ea25ef65e8e39c10b0f8161b31e26b8bce6e447ba314db3195fcb082eaf0261fc8e1a9c3be8b690af13154b1e715d92c695f292671cdb9b0a61493a85a7725678d09253827d88c4057c52dafe3dc180c2b6b6e6c0464e1059bd70c86c14b0d01d4649ff98cfde94baa4022d617ab2d9c7e86f10d785e690a9224328831c700f2c6c3874049e3361876908c8cd3040ddde998db3e7220c85b24063376a37437f5838b72c3c4c54e6a2ae519ad22c3534c2f40866d28b3588d0a9d110b10e03060855ca44a763032cb0b24e15e9e1733254a250b77f4bd835158edf9e685a3b22966ecfb655b853807a7e3fd92db17e7822edfc1dc94ce1b5b3a06410973c43a147e33cdce600a92c1fa147391e2470bf422fdece5c3c41ff99b0707a6e2b614835d1a6379a0edafce8d0a4cb6aa470c863f1db3293cbcabcfcb6b04159f4e954c5965b9b80104c0e13ceed1c3728256561bea12f15617f05e6bf275ea685237b62716978ca4b75af3e69f7a6230cee926d034abaf44350d560aef1b9b0382133e527b7e9070ccd0e7312f92d2aab2af9920625c72d2698ce27122a846b34ceaea7180c750243c72950b26dd7ad355550e3c9f312905370bbe03706896fea992c167f1ee63bcf2542fec92d8654e478d4656cbdcb6faa5208d532815038879208883857699c6df613b79893021c5b65b25a130fdb940b0ca28bc236f8c3a4824150d160aef1b90cc194b8de119fdc91d839c8d2bb6811846a19cb157327dcde9622ccfc05ba88316ea6501908dbc6fb836e6fbfd96cf6eb3dc5c380cc3665266df5222c36c0784bf1703142c098cfbcac8405900842e151a86b11087728427082291156592c1af80c85af10fa963573b056721e5699a1d3fffd122995a665e7e5d6693eb43cf3a4b422a4f4bf589c8dd349293bab8ba747d4abfbca963ab3674b25d7435e75a433fd1f9bc2890b4b734b84d32cae832087c1daa29626b3a12c8fb034a170468cea90372e76925b1a65483d7e4c4268698643344349b7e199051ea3d388a92eca54d25b28a38a6e6637546d6e6d738bb9430a19404a6fa102ed57dc5b9476fe2a7c328da713ab8c8accf87ab0176e10f6adbd99fd894905c3740bbc6475406fc2ca542a7c5b439fe022bbf6ec441591a9a3a0fe50245220b6ffcd3387ca23e9df1fb17c64fb83d111b36cf88997f44938febe351a8c48d873e2b73b642af116a0a89a30a6815a3a0f380c768e04758d34c51351db6b94610983caf0a837dce4519baabddd442c6d56516805c23728365160bc4f823e21d9506208518746a6e350f5a04eea9b62e989bda2a09e14a11c08715c9395a9b29f64ed8c1a51eef754a1785b9e38b02e57a4d07d160d6c398761e4cde26c9ab0f3a9335d27f1827e4c0cddf36b8981b6dfdd3fc0cc4db61222c44321d066998d88c6e2b7c05d809afd4d386f1a56f30a3f4b103942be498806de606fb3d937e87f9893a416e7acf211e26c3e6370e34bb3713516a8115e78247f4083368235b6a12b69af10b530bbecab9499ccc360639b66192c7e013b59e21e80c920974d8e906717b744944ed3e735be28412d0e2f361d402801344e92abf2b10c189b3abb7ee0956b362c81c65a4e6a7bd6886d6da982612d26ee8310e5003c115035cb3de1d92cb51a2a6138a4591fb72fb28a719aa58e450a34430a2b2f7745a702f5825c51a81b4a96c9b121c0193a6abf8f81c31396edbedbd489dc62015ea59cb40fc3b48531c5723d0eb764ad2587448d98a68887b90ab72e6aed29f35416dbc222fe1a7279538e11a0637ee1278e3ed8f9949d46d52bfabbc36677308e9c92e9e844e79b468b93de88bda421a9761b4534e250cb4840fd8bf0de004cd615efa28200a1aa896f914c476eab42f011fa1f7e13628b11982e4a3c1450af58e4d20e7329038bc0b4b6db37a1a093789f0cae0bcf42630f1e3fe28f67aa0e7c281714a160fa585684a19166fd0c29c6a9c56cea60f23f316dee494b8093b7f5b013c1629a174916b5489da6cc3a1a46096f4b872075560670342e910b330f9128bbacbf7bfa1aa19b476b992c747c3d3a836628ee32a841950d096fd0cd0dd621458554e8e32479ef193b1b6b7f5ecb1e9a390bd5640c4e7a5f52135da8a6c75407dfd8a6ac134ca4c6862f5c94289223684e3cb97fc6bbf41fe64aac89217347c968e63e5acb9e82509a724320859a78ae59d0a65996d1ebfbfca8f045dbd8d85945490d1818163e1bd4718064e18fa5d2e77031f82e8328da11d69e7f7a7672e21cde7b5b61b8a975cd3c47cf647275040d19f91b18245e841c24b137d43488d10aed42add89a1cd06469dcec4f1720841edbc44e086e2cbe4b2d17f404f3c84496d7a8bba79ee265d8450b529a932ba4a76b8fd18904c8db4c36a998d2244168613771ec01df8daa60cdd7ccc80949a269d8a915779b53b66b2df9d4919a1c4e9dba442aa4bc1343b63dc10accb770a92ab6ca5dc9dd47afe52f323759eebc714aa80f1476864a7e7283105bd4ae4e0cd3f0a23f7b7ebdadf1ea86c572a9c44744286b0abb024cfc5b89eb9f9453589689b403c53a1562bf39124949fe86eeaaa5af140d9246e438d75dac5bfb312d2c586c51aad76fc002225bdd48de856c209b4f070d441afa8eace37e5110fff60c21b5ab44fac34aee3335399f95fcaa0067f3435deeac361a29fabdd519b55e9742e9ccf60b99cda01c5f024f9a5d304f2b2a29c4457fd916fc39e4b55ea8e56fb02ee19b6f32dc1fc20269eee15dfad1934a452552ca3d664f1db9b667a0428ad34604fb345ddf9f6344cfafb4253735f4dec2b6e33db5625b2a9da0b7399932ad656e81ab78f0f8e8cd9b87af3e7fb947e139bff0ce36e9f5554bd403c9389ade2736e93c2a456d62eced5ed08259280efbfd06e76f8a53142813e59876c3c6366a6d808bb23991ba8afbe1934e9e7c93dd8990485111558dc4b7d49647e3b285da9941c0a195981cb441d7c0749eebe363bbf2a8a1e1672127376210d788f9c07f7ea61abf4aeb0eba1b6da559637b2c9f3f62fb2bc3e6cb9d9734308d744d21f45278fb469a3d3be2b44f647b7ebf67589636e8cdeeea6eeaa6d9f5abae5be487c8272d64c05886a8c373a8dfb6433f01827af6ee5c076d25176ba0e58d51b7557be9097a93676b69f838d57608d647122e2f95830e99d990d0d7355f5eb3be9bcb9781231368f3628ab103b9a06c2d28518b1a6d693be70fd9771e1ea267b22d0a94f04e26cf8e1f2265d5d59e0420b324b120c68f2ffadad1d7fab04a6a9a4d4f34622bd3f9c67f6c43d3debd10e22dd9641222dc8ee18380e0de3bd94ac67b6b36404ca1393ec508983774ad76b0b029aa187b85030b7792568581cc22c829fe799bb9420971e76536fb80fa89a799b908a9367e71d0c92ba5ac14208bc2f32fd8068e34bbaed8366e1f7a4df65af34f6e0ba27b4c06ccd6a4f1179a5140636c80bb07d93ce310593bc26dea271e1c65327184e0141f3ea192f225a79a18284011d67c30a86b4db3bb93afe1f7ecda6e8f10d39c0436726780d622716b871fb797c6db822b2c987f6c4bf53bab84ae8e37b4dd846d41508da9b04dc0a5cfbfd090e6f06d8ecf053431d0c0541493375e5a8128ea279d60e61998d3777c3ca201daf1b9177da8a3c08a632296f5d388a966f491f755063477d1c94ec451505fc836ae3dfbf4f8cef3b75feede3b0399729e3c544e83063e6baf79919c456e75b58b2a19312115db7e825de4fa03f3600620f2ac46ad56f59b8649e48121a9c41476a93f51a1e8a368c8c9411e3d0e4fe04187f7be3c8cf8443a296f223b1268b25f48b77b9549609fbb07dea1e09d3f5c36d02dd6a23155415dca434d4835126d7f43b239238292bafc377f6dffbf87ebb95c14deb956e9a769cf4ee3799206b6c4ebb0534825dc1839c1b0df8aedab49b90df8ab8ab669fe54ba7fde1766f3ef6047d31f3b518f21363f1d863ded50664c35b7c2dd6b56bb80827dc2aa4e890e3a495e35e513f9be72a220d2f49dfac2d76fa21837f21f599082f1c7ed28be876788725f35d95080b7f3a94ec9e2419883dc3e8ba9817bee829323ca8ddd988d4db54df6c57669fd047de1c6913971d866a1e2b1b5fca9eabd337e17815b89e3bb57aac8620e003c5adb78976672f91e8b7d4ded422f07e2f5c3b334a01ed38a2652696c0dfe759be6b587bcaf9bef05caacdda406f416f385f75703fa00000bb949444154d97c25720406d6de6f339ff8f98c6d2ce145723802e5364f14375300e4ceb0684dbab292b86f597377ccd4096ed43c8da3e740532034de9778eb3af5856a3f17c3886e1e65d7325f63e61f93df729557b05156e2638ccf3c17a5fefc6f29d20a2677388669fe794a2316b8f273d86dc2fe20c5416d2f94bb771ebe8ca64cb7202f7c1634f74c022f09a464127230617968b8c18b47799f64e92d8598b263db5055c89eb3dbad2f4c818fb99fe87850eae0ad8bc91d06fe9374f76f67f78d66366ef103db0a6ed52b069ee7f2f0b8fc5fdb719f484daa6c6a5fcb272fd0b0618b7d6b65d6d7b5e8f8963e47e88d355d1fb7784c90b8a66e7c9063adac3fa3f95004233531844cfbbe5713930bafb4acf74cd3fcba1d02ac5468aef536fca3c462ca777075f8eb1875b2eb56a78b4ac155880c821e8d5cfb65d99992bc8ea01c00abf386fbeab2f92d58d4e52fad643b840d9056d6f28b5f48d7c8587ff830a712a9cda4622a8e902d5acd72ada9b3534d1c6b91986ad5bea9ebbdf88ea864722a85942fef66601d86575e36367ebb2053c7c6c76d66a0be1d4259a71436316437123680caf8b369c146672eff0bfb30e1e085e18c994da889a1908a25faa3132892aee55fbeb8a4c3fea775be69fd970a5f08906638a1989aca6a7a7dd921541ba00554b0e66c334dd410ad61c542e528d851033bd6257f8e0966070f289b2a4f3adddc4af2607c3e7671dcd1e2b3f7e66e50485274c3bf6f4b258c380a280497ebdac2f791c2fb47db60de9e447c868cdeb2d944bde6e7cc6660598b0ccd224a72dc9714d29d77e169341067b7d9a97d8d36663666069cd91bb25f778c17d1585c446f6bf9246f4a9cc313119da6a124aba56284db2107599c8d4ddc6422e3165b933114188088aeb5eb3eeb7ca90d8f693037138b27175363d9b75ac50b56854bcb96524823bbeff3a7622f39750eed8638a215d9b65b535df3b5a0a95ecaaa62f15015b3d94b85277aaa3755c041f2b7b1787bb1c0e752632384542540544273d1389bc669daa0ee17cb35d7aeb96ed90b86ddb119d34ffce27de851f97df297bde6236e663ce3dcb691c554232466552f5b6ac3a21d41b9ebb53f9d9b7ff19e6a46c68c56f269fa5945385c16362b97cc6cec085a5fd7ce9fd8b2905c53d3a3a7ba5d7290b010d29214d1fccbcbdf183b878c1b3b1222cbbeb2998bc5d48c0e112a57e78a4f1710bd75ec04c98b5f8b607c2c456ce046fec392272b63ed839454260ef9af174d545c46b5f9867521d1e41ec74e0ab9b0b2c8dcbd54c2482a9f9e8c3f6dcb26868dcbc434f69627580d670b6c4909520a380c4bddc4b9002117526100f395950ee956b138a8e28562aa96961c308b600c4972538a58031d94e802f55ab9ea62c9e342ba96bd34ce4e0451ba462883f31eb0f90f95f5509bb1a28fe396e3726ae9ac525e142f52a4b4bb703eb18ad62e8db39390f113738d20f59bb945b7c33232b3a98da6ff8d8df065b309a988c93e18556c48888bda224048a1839b9a98f7abbd765cde901b1cd81f95592411f2159d0e65fa1e9dfea9bfc4bbd7aa70dc89419f27fde882da22a6420ad1da66e6a7d55e111192f1eb365fd95924a6eafd1dd402e23ab21947d3bd2c8839fc71016252b5fb74c15a02666681d5b3af082085c8eae25b9b9bf3df94a8b66cc171f1549b98b598a47bd5e31060d97bacad46592d771e8ff08d6dd846b1f9714513337357303854f64fe7dd3574f530a746b545b179077aba28dcb5341ff60f41e31c567ba2e71954fc91ba6715675f1d19bf6f977632f3c4549951beec80bbe3a0be67f2869a1434a56164afaf8dd99c292d9e7398a141953016675f15412c5eca9f17532384c21bfca835a50a42d2be23b068c29ff27b9ae1624630bb70896fac67d6be5ea98486587ede7e773aab198658ad06498d14ac71f25721498ae41306201437f667c0e09f4f978bb31341bcb193b911bfb97cdf6a1796cf224d61e4a2e3f6e653249f60274ec876941988c6bb65e3ec24445de3fb1842c9c1b6a1c710eacbbce9b1aa4ec6672f3a300d51a38b0bea1f171da8720564c44c8dd4c1b6c1f67189064aaa87cbbd31b77620ec0720a49e420a48fc6502d725a1f3ee2ffb9ae1206568b8076f8d0d32f697c2c7b0402f314dc73bbc5823cfccaeadf68e9fa5496eeb0988084c3115acce85075e26a05a30ecb15745b15e33114bd8a31f01513e9df5a3d1588dda86555ee71ca5324804cb81552564ff7ab56f0e6175943ceb9a34a8b768affa22d990bc81d8386ba886f8ce355ad079644c65d8c18b9b7817757920ead45678f7b8530ff88bb883aea86384e5ace27755c6c8d9cebcb900b7eb0de4941b5d4ce6adb62426df32096e529893267f9219c646f652afbe598ab07ceb91edaad65e588964255763cec1d629088e5987250619c081e308a442d4bf93a42a090dc0b4f4e607394bd320ce283061817adf55f5dabd213c523a09a76d426c165f0b33d2c7a3b314b79ad02357a4598754fbfe922fdb4a4ec69e584a72218128a0f8d6ee953908d48d47f7ac36c95fe30e543eb8566dc486cc76d9fea051bc150debe74e83588a1ad1fa12cd1599c70d3be11bd767543199486161a12234b0a9652258d45ae5c5e3512ad48921cf3f872a2a738d21c442f39a44d5dc5396bbc6c27d68639a52bb0767ec1c747753af845e445e6bd23e3800b33a91a72893c8b1cbed2b2923c6c91885db9778c99dedb8c7c39a6d3bcbae8c26a006ac87307386a32d9ce5fd2bc668687ee4f67d790a48617c7591da22aa8e5c919719b13d8de5f6d5c92a3647619c5244d27e1a35ef60c544221139d3406d2547ce309417b7695e895dc5a41732ca87e3108575c1ed0e6b8eabd5ae49486dcff7fda06aabbd89d0ad3320118c85c668d5a21b368c7ea8e0dec8209130064f0f30eb7620da6aa1da7cd274d13ba940c092646018b175bb6a7361fb4c1278a417d950ef0c4c2628e7777e187b4b2c535c4acef99c10f3ae3023ded850ec2ef57a580a6fda88dea80c77018f7fee1c129266b5370d7566e71236fd8199c346dcc2395e7f7127d45c74344d68fb712b52644f8345a6998d82d85c255dba98bc9951c304f384f47c35afe6775991e772708649a6c373f508bef990818947c6a47b1d12aaa813737bcc2572c3aacf0b30dca0d3c3e66cc7978206fd27c6b8e9cfadc7b3b53c56c96e46660a93fdb4d5fbb46437c5e3a08cb73785f6f803f6e8851d8f76d51f367bc706e19d34bcab86106daf5d67a76bcf271e371955e41f07a8e00da7f0f7faf1f0aa22d18bc809267bd81875d9dbb6cbd3ba282b9cdb2b76eeef6cb756ad7a5eb55a76dd4b054d0415fe9ed239dbbdd238343995db1319525d25893c172fde14fa5da840038c40ec8e5a2ca6cb90ca02a94c6be3f1a4f13da473760c8d01669a258dc8fc7696ea2586c16fcdfbb4102fc6509dd72f7f69fa1553c39a4d26f0f4dc3cdbbbc7b2d4e706aa8085ca553519ae35a7ddceae9fbb37697f7f2574668781e930625ead3c1d4db0c946664fcdce108f79ed55efb6d5ebb3a82798657db54bade6588b766f92ee0f10524a854e189d6113f727c4d4c79170c3a502cada796802cbb67d1c83fbac82b8f9165f452ae89d99774cfb234bd760bf47ad6ef0dd19261e7e8f946901f93d02e330087b7969c11f9816e944986213d6e9d2e22f62f0e1bf313b9192b56ad100a25f8cbdf026b0f02494e6627fba37d9bd6e0f7f1915bcddfab018822aef76b53082f378357e8fef132beb4de4b2370fa23a6fd2b2dc72ac5c76c11b52ff41a9c181083beb9201d5427ed22f4b0f1a5364ebddc57ffe4f4013c26ccf1eaf5ad528c2066105d02a135f48a1499acede7f3c3ae0ead6e2c23a34ba68c86bf42e1941f64cafa604d9ffbc201d22ea717b56db6f1d4f8d0e05cba4d486df8c7c04ef52ef1ca76841ff07a31a914a16d4fb3e352f01f2393b6956893cabdfd62c03378b3fc6db5d0505241693c1c17f45c2d6526c324641138e16f352f6f6fe63513d76d8bb078e822920b4594beebafa75155dae9daa6e39ba644c431ab64b09b3fe2c8f1de6cb88243bfee01f90ea03ac93a98a540b53be93aec11c6253ede0f16994f68352db2b2078d322db4b6ef707565b44973d2b28f8968a7bfceb2a607f678a1e29e2ef8fd36f11fc17fd8bfe45ffc4f4ff01a22ea16de2b5b4920000000049454e44ae426082);

-- --------------------------------------------------------

--
-- Table structure for table `events_table`
--

CREATE TABLE `events_table` (
  `event_id` int(11) NOT NULL,
  `event_name` varchar(255) NOT NULL
) ENGINE=InnoDB DEFAULT CHARSET=utf8mb4;

--
-- Dumping data for table `events_table`
--

INSERT INTO `events_table` (`event_id`, `event_name`) VALUES
(1, 'Buwan ng Wika'),
(2, 'Foundation');

-- --------------------------------------------------------

--
-- Table structure for table `eventtypetb`
--

CREATE TABLE `eventtypetb` (
  `event_type_id` int(11) NOT NULL,
  `event_type` varchar(11) NOT NULL
) ENGINE=InnoDB DEFAULT CHARSET=utf8mb4;

--
-- Dumping data for table `eventtypetb`
--

INSERT INTO `eventtypetb` (`event_type_id`, `event_type`) VALUES
(1, 'Tournament'),
(2, 'Competition'),
(3, 'Standard');

-- --------------------------------------------------------

--
-- Table structure for table `image`
--

CREATE TABLE `image` (
  `id` int(11) NOT NULL,
  `filename` varchar(100) NOT NULL,
  `image_Info` varchar(255) DEFAULT NULL,
  `image_Description` varchar(5000) DEFAULT NULL,
  `status` int(11) NOT NULL
) ENGINE=MyISAM DEFAULT CHARSET=latin1;

--
-- Dumping data for table `image`
--

INSERT INTO `image` (`id`, `filename`, `image_Info`, `image_Description`, `status`) VALUES
(13, '646389b0b2eee.png', 'tan', 'tan', 0),
(14, '646389da17c6c.jpg', 'tanglaw', 'tanglaw', 0),
(6, '6461a3a4e766e.jpg', 'PPOP', 'PPOP first Place JMAP', 0),
(12, '64638989726dc.png', '', '', 0),
(11, '64637edbd5a64.jpg', 'Garden', 'Vilaas', 0),
(16, '6465634133b59.jpg', 'asdasdasd', 'asdasd', 0);

-- --------------------------------------------------------

--
-- Table structure for table `listofeventtb`
--

CREATE TABLE `listofeventtb` (
  `event_id` int(11) NOT NULL,
  `event_name` varchar(30) NOT NULL,
  `event_type` varchar(30) NOT NULL,
  `category_name` varchar(30) NOT NULL,
  `event_description` text NOT NULL,
  `event_code` varchar(12) NOT NULL,
  `event_date` date NOT NULL,
  `event_time` time NOT NULL
) ENGINE=InnoDB DEFAULT CHARSET=utf8mb4;

-- --------------------------------------------------------

--
-- Table structure for table `overall_scores_table`
--

CREATE TABLE `overall_scores_table` (
  `competition_id` int(11) NOT NULL,
  `participant_id` int(11) NOT NULL,
  `overall_score` decimal(5,2) NOT NULL
) ENGINE=InnoDB DEFAULT CHARSET=utf8mb4;

--
-- Dumping data for table `overall_scores_table`
--

INSERT INTO `overall_scores_table` (`competition_id`, `participant_id`, `overall_score`) VALUES
(1, 1, '192.00'),
(1, 2, '184.00'),
(1, 3, '176.00'),
(1, 4, '168.00'),
(2, 5, '100.00'),
(2, 6, '92.00'),
(2, 7, '84.00'),
(2, 8, '76.00'),
(3, 9, '50.00');

-- --------------------------------------------------------

--
-- Table structure for table `participants_table`
--

CREATE TABLE `participants_table` (
  `participant_id` int(11) NOT NULL,
  `participant_name` varchar(255) NOT NULL,
  `organization` varchar(255) NOT NULL
) ENGINE=InnoDB DEFAULT CHARSET=utf8mb4;

--
-- Dumping data for table `participants_table`
--

INSERT INTO `participants_table` (`participant_id`, `participant_name`, `organization`) VALUES
(1, 'Robbie 1 Boco', 'ELITE'),
(2, 'Robbie 2 Boco', 'JMAP'),
(3, 'Robbie 3 Boco', 'JEHRA'),
(4, 'Robbie 4 Boco', 'ACAP'),
(5, 'Robbie 5 Boco', 'MenInBlack'),
(6, 'Robbie 6 Boco', 'Illuminati'),
(7, 'Robbie 7 Boco', 'Olympus'),
(8, 'Robbie 8 Boco', 'Avengers'),
(9, 'Robbie 9 Boco', 'Teamates');

-- --------------------------------------------------------

--
-- Table structure for table `pjjudges`
--

CREATE TABLE `pjjudges` (
  `judge_id` int(11) NOT NULL,
  `judge_name` varchar(150) NOT NULL,
  `judge_nick` varchar(150) NOT NULL
) ENGINE=InnoDB DEFAULT CHARSET=utf8mb4;

-- --------------------------------------------------------

--
-- Table structure for table `pjparticipants`
--

CREATE TABLE `pjparticipants` (
  `participants_id` int(11) NOT NULL,
  `participants_stud_id` varchar(150) NOT NULL,
  `participants_name` varchar(100) NOT NULL,
  `participants_course` varchar(11) NOT NULL,
  `participants_section` varchar(150) NOT NULL,
  `participants_organization` varchar(50) NOT NULL
) ENGINE=InnoDB DEFAULT CHARSET=utf8mb4;

-- --------------------------------------------------------

--
-- Table structure for table `post`
--

CREATE TABLE `post` (
  `post_id` int(11) NOT NULL,
  `post_calendar` date DEFAULT NULL,
  `post_tag` varchar(15) NOT NULL,
  `post_title` varchar(60) NOT NULL,
  `post_description` text NOT NULL,
  `post_cover` text DEFAULT NULL,
  `post_photos` text DEFAULT NULL,
  `post_schedule` datetime NOT NULL
) ENGINE=InnoDB DEFAULT CHARSET=utf8mb4;

--
-- Dumping data for table `post`
--

INSERT INTO `post` (`post_id`, `post_calendar`, `post_tag`, `post_title`, `post_description`, `post_cover`, `post_photos`, `post_schedule`) VALUES
(16, '0000-00-00', 'ELITE', 'Happy Birthday to Executive Treasurer Junard Joshua Calma!', '\"Count your age by friends, not years. Count your life by smiles, not tears.\" -  John Lennon\r\n\r\nHappy birthday to Junard Joshua Calma our Executive Treasurer of our beloved organization!\r\n\r\nYou are a valuable officer and friend to the company, and we appreciate that. We wish you a day filled with feelings of adoration, gratitude, and celebration. May you experience much joy, success, and happiness this year. May you realize all of your hopes and dreams and you the fortitude and power to face any challenges that may arise. We are happy to have you in our lives since you are a special and valuable individual. Have a happy birthday and may it mark the start of a wonderful new chapter in your life, Junard. \r\n\r\n(Manlilibre daw siya now.)', '', '', '2023-05-16 03:03:00'),
(19, '0000-00-00', 'SC', 'RE: WALANG PASOKk', 'Gov. Ramil L. Hernandez on January 14, 2020.\r\n\r\nWALANG PASOK bukas, January 15, 2020, sa lahat ng antas, pribado at pampublikong paaralan sa Laguna.\r\n\r\nMinabuti natin ito upang bigyan ng sapat na panahon ang mga paaralan na linisin ang kanilang pasilidad bago ito gamitin ng mga mag-aaral.\r\nInatasan ko rin ang Provincial Health Office, pangunahin na ang Sanitation Division, na makipag-ugnayan sa Division Office ng Department of Education upang magsagawa ng clean-up drive sa mga paaralan.\r\nHangand natin ang kaligtasan at mabuting kalusugan ng mga mag-aaral at guro.', '', '', '2023-05-16 04:35:39'),
(26, '0000-00-00', 'GIVE', 'das', 'sadas', '', '', '2023-05-17 07:06:38');

-- --------------------------------------------------------

--
-- Table structure for table `scores_table`
--

CREATE TABLE `scores_table` (
  `score_id` int(11) NOT NULL,
  `participant_id` int(11) NOT NULL,
  `criteria_id` int(11) NOT NULL,
  `score` decimal(5,2) NOT NULL,
  `competition_id` int(11) NOT NULL
) ENGINE=InnoDB DEFAULT CHARSET=utf8mb4;

--
-- Dumping data for table `scores_table`
--

INSERT INTO `scores_table` (`score_id`, `participant_id`, `criteria_id`, `score`, `competition_id`) VALUES
(1, 1, 1, '24.00', 1),
(2, 1, 2, '24.00', 1),
(3, 1, 3, '24.00', 1),
(4, 1, 4, '24.00', 1),
(5, 2, 1, '23.00', 1),
(6, 2, 2, '23.00', 1),
(7, 2, 3, '23.00', 1),
(8, 2, 4, '23.00', 1),
(9, 3, 1, '22.00', 1),
(10, 3, 2, '22.00', 1),
(11, 3, 3, '22.00', 1),
(12, 3, 4, '22.00', 1),
(13, 4, 1, '21.00', 1),
(14, 4, 2, '21.00', 1),
(15, 4, 3, '21.00', 1),
(16, 4, 4, '21.00', 1),
(17, 5, 5, '10.00', 2),
(18, 5, 6, '15.00', 2),
(19, 5, 7, '15.00', 2),
(20, 5, 8, '10.00', 2),
(21, 6, 5, '9.00', 2),
(22, 6, 6, '14.00', 2),
(23, 6, 7, '14.00', 2),
(24, 6, 8, '9.00', 2),
(25, 7, 5, '8.00', 2),
(26, 7, 6, '13.00', 2),
(27, 7, 7, '13.00', 2),
(28, 7, 8, '8.00', 2),
(29, 8, 5, '7.00', 2),
(30, 8, 6, '12.00', 2),
(31, 8, 7, '12.00', 2),
(32, 8, 8, '7.00', 2),
(33, 9, 17, '25.00', 3),
(1, 1, 1, '24.00', 1),
(2, 1, 2, '24.00', 1),
(3, 1, 3, '24.00', 1),
(4, 1, 4, '24.00', 1),
(5, 2, 1, '23.00', 1),
(6, 2, 2, '23.00', 1),
(7, 2, 3, '23.00', 1),
(8, 2, 4, '23.00', 1),
(9, 3, 1, '22.00', 1),
(10, 3, 2, '22.00', 1),
(11, 3, 3, '22.00', 1),
(12, 3, 4, '22.00', 1),
(13, 4, 1, '21.00', 1),
(14, 4, 2, '21.00', 1),
(15, 4, 3, '21.00', 1),
(16, 4, 4, '21.00', 1),
(17, 5, 5, '10.00', 2),
(18, 5, 6, '15.00', 2),
(19, 5, 7, '15.00', 2),
(20, 5, 8, '10.00', 2),
(21, 6, 5, '9.00', 2),
(22, 6, 6, '14.00', 2),
(23, 6, 7, '14.00', 2),
(24, 6, 8, '9.00', 2),
(25, 7, 5, '8.00', 2),
(26, 7, 6, '13.00', 2),
(27, 7, 7, '13.00', 2),
(28, 7, 8, '8.00', 2),
(29, 8, 5, '7.00', 2),
(30, 8, 6, '12.00', 2),
(31, 8, 7, '12.00', 2),
(32, 8, 8, '7.00', 2),
(33, 9, 17, '25.00', 3);

--
-- Triggers `scores_table`
--
DELIMITER $$
CREATE TRIGGER `calculate_overall_score` AFTER INSERT ON `scores_table` FOR EACH ROW BEGIN

  DELETE FROM overall_scores_table
  WHERE participant_id = NEW.participant_id AND competition_id = NEW.competition_id;
  
  INSERT INTO overall_scores_table (competition_id, participant_id, overall_score)
  VALUES (NEW.competition_id, NEW.participant_id,
    (SELECT SUM(score)
     FROM scores_table
     WHERE participant_id = NEW.participant_id AND competition_id = NEW.competition_id));
END
$$
DELIMITER ;

-- --------------------------------------------------------

--
-- Table structure for table `user`
--

CREATE TABLE `user` (
  `user_username` varchar(20) NOT NULL,
  `user_password` varchar(128) NOT NULL
) ENGINE=InnoDB DEFAULT CHARSET=utf8mb4;

--
-- Dumping data for table `user`
--

INSERT INTO `user` (`user_username`, `user_password`) VALUES
('admin', 'admin'),
('admin', 'admin'),
('admin', 'admin');

--
-- Indexes for dumped tables
--

--
-- Indexes for table `categorynametb`
--
ALTER TABLE `categorynametb`
  ADD PRIMARY KEY (`category_name_id`),
  ADD KEY `event_name_id` (`event_name_id`),
  ADD KEY `event_type_id` (`event_type_id`);

--
-- Indexes for table `competitions_table`
--
ALTER TABLE `competitions_table`
  ADD PRIMARY KEY (`competition_id`),
  ADD KEY `event_id` (`event_id`);

--
-- Indexes for table `criteriatb`
--
ALTER TABLE `criteriatb`
  ADD PRIMARY KEY (`criteria_id`),
  ADD KEY `category_name_id` (`category_name_id`);

--
-- Indexes for table `criteria_table`
--
ALTER TABLE `criteria_table`
  ADD PRIMARY KEY (`criteria_id`),
  ADD KEY `competition to criteria` (`competition_id`);

--
-- Indexes for table `criteriontb`
--
ALTER TABLE `criteriontb`
  ADD PRIMARY KEY (`criterion_id`),
  ADD KEY `criteria_id` (`criteria_id`);

--
-- Indexes for table `eventhistorytb`
--
ALTER TABLE `eventhistorytb`
  ADD PRIMARY KEY (`event_history_id`);

--
-- Indexes for table `eventnametb`
--
ALTER TABLE `eventnametb`
  ADD PRIMARY KEY (`event_name_id`);

--
-- Indexes for table `events`
--
ALTER TABLE `events`
  ADD PRIMARY KEY (`event_id`);

--
-- Indexes for table `events_table`
--
ALTER TABLE `events_table`
  ADD PRIMARY KEY (`event_id`);

--
-- Indexes for table `eventtypetb`
--
ALTER TABLE `eventtypetb`
  ADD PRIMARY KEY (`event_type_id`);

--
-- Indexes for table `image`
--
ALTER TABLE `image`
  ADD PRIMARY KEY (`id`);

--
-- Indexes for table `listofeventtb`
--
ALTER TABLE `listofeventtb`
  ADD PRIMARY KEY (`event_id`);

--
-- Indexes for table `overall_scores_table`
--
ALTER TABLE `overall_scores_table`
  ADD KEY `competition_id` (`competition_id`),
  ADD KEY `participant_id` (`participant_id`);

--
-- Indexes for table `participants_table`
--
ALTER TABLE `participants_table`
  ADD PRIMARY KEY (`participant_id`);

--
-- Indexes for table `pjjudges`
--
ALTER TABLE `pjjudges`
  ADD PRIMARY KEY (`judge_id`);

--
-- Indexes for table `pjparticipants`
--
ALTER TABLE `pjparticipants`
  ADD PRIMARY KEY (`participants_id`);

--
-- Indexes for table `post`
--
ALTER TABLE `post`
  ADD PRIMARY KEY (`post_id`);

--
-- AUTO_INCREMENT for dumped tables
--

--
-- AUTO_INCREMENT for table `categorynametb`
--
ALTER TABLE `categorynametb`
  MODIFY `category_name_id` int(11) NOT NULL AUTO_INCREMENT, AUTO_INCREMENT=71;

--
-- AUTO_INCREMENT for table `criteriatb`
--
ALTER TABLE `criteriatb`
  MODIFY `criteria_id` int(11) NOT NULL AUTO_INCREMENT;

--
-- AUTO_INCREMENT for table `criteriontb`
--
ALTER TABLE `criteriontb`
  MODIFY `criterion_id` int(11) NOT NULL AUTO_INCREMENT;

--
-- AUTO_INCREMENT for table `eventhistorytb`
--
ALTER TABLE `eventhistorytb`
  MODIFY `event_history_id` int(11) NOT NULL AUTO_INCREMENT, AUTO_INCREMENT=22;

--
-- AUTO_INCREMENT for table `eventnametb`
--
ALTER TABLE `eventnametb`
  MODIFY `event_name_id` int(11) NOT NULL AUTO_INCREMENT, AUTO_INCREMENT=59;

--
-- AUTO_INCREMENT for table `eventtypetb`
--
ALTER TABLE `eventtypetb`
  MODIFY `event_type_id` int(11) NOT NULL AUTO_INCREMENT, AUTO_INCREMENT=4;

--
-- AUTO_INCREMENT for table `listofeventtb`
--
ALTER TABLE `listofeventtb`
  MODIFY `event_id` int(11) NOT NULL AUTO_INCREMENT, AUTO_INCREMENT=15;

--
-- AUTO_INCREMENT for table `post`
--
ALTER TABLE `post`
  MODIFY `post_id` int(11) NOT NULL AUTO_INCREMENT, AUTO_INCREMENT=28;

--
-- Constraints for dumped tables
--

--
-- Constraints for table `categorynametb`
--
ALTER TABLE `categorynametb`
  ADD CONSTRAINT `categorynametb_ibfk_1` FOREIGN KEY (`event_name_id`) REFERENCES `eventnametb` (`event_name_id`),
  ADD CONSTRAINT `categorynametb_ibfk_2` FOREIGN KEY (`event_type_id`) REFERENCES `eventtypetb` (`event_type_id`);

--
-- Constraints for table `criteriatb`
--
ALTER TABLE `criteriatb`
  ADD CONSTRAINT `criteriatb_ibfk_1` FOREIGN KEY (`category_name_id`) REFERENCES `categorynametb` (`category_name_id`);

--
-- Constraints for table `criteriontb`
--
ALTER TABLE `criteriontb`
  ADD CONSTRAINT `criteriontb_ibfk_1` FOREIGN KEY (`criteria_id`) REFERENCES `criteriatb` (`criteria_id`);
COMMIT;

/*!40101 SET CHARACTER_SET_CLIENT=@OLD_CHARACTER_SET_CLIENT */;
/*!40101 SET CHARACTER_SET_RESULTS=@OLD_CHARACTER_SET_RESULTS */;
/*!40101 SET COLLATION_CONNECTION=@OLD_COLLATION_CONNECTION */;
